Nom,Marque,Prix,Description,Url,Url_image
Souris sans filLOGITECHLift Ergonomique Silencieuse Graphite,LOGITECH,"59,99€","Capteur : Non communiquéBluetooth -
              
            
              
              DroitierSensibilité max : 4000 dpiLe + :Parfaite pour les petites et moyennes mains",/ref/1178224,"https://boulanger.comhttps://boulanger.scene7.com/is/image/Boulanger/5099206099784_h_f_l_0?wid=120&hei=120&resMode=sharp2&op_usm=1.75,0.3,2,0"
Souris sans filLOGITECHLift Ergonomique Silencieuse Graphite,LOGITECH,"59,99€","Capteur : Non communiquéBluetooth -
              
            
              
              DroitierSensibilité max : 4000 dpiLe + :Parfaite pour les petites et moyennes mains",/ref/1178224,"https://boulanger.comhttps://boulanger.scene7.com/is/image/Boulanger/5099206099784_h_f_l_0?wid=120&hei=120&resMode=sharp2&op_usm=1.75,0.3,2,0"
Souris Gamer Sans FilLOGITECHG502 Lightspeed,LOGITECH,"79,99€","Capteur : optique -
              
            
              
              25 600 dpiRGBUSBLe + :sa forme et ses performances : elle est ultra rapide et fiable. Elle est compatible avec Powerplay.",/ref/1131069,"https://boulanger.comhttps://boulanger.scene7.com/is/image/Boulanger/5099206082106_h_f_l_0?wid=120&hei=120&resMode=sharp2&op_usm=1.75,0.3,2,0"
Souris Gamer Sans FilLOGITECHG502 Lightspeed,LOGITECH,"79,99€","Capteur : optique -
              
            
              
              25 600 dpiRGBUSBLe + :sa forme et ses performances : elle est ultra rapide et fiable. Elle est compatible avec Powerplay.",/ref/1131069,"https://boulanger.comhttps://boulanger.scene7.com/is/image/Boulanger/5099206082106_h_f_l_0?wid=120&hei=120&resMode=sharp2&op_usm=1.75,0.3,2,0"
Souris sans filAPPLEMagic Mouse,APPLE,"84,90€","Capteur : LaserSans fil -
              
            
              
              AmbidextreSensibilité max : 800 dpiLe + :Technologie multi-touch permet de travailler en touchant la surface avec un ou plusieurs doigts",/ref/1169292,"https://boulanger.comhttps://boulanger.scene7.com/is/image/Boulanger/0194252542330_h_f_l_0?wid=120&hei=120&resMode=sharp2&op_usm=1.75,0.3,2,0"
Souris sans filAPPLEMagic Mouse,APPLE,"84,90€","Capteur : LaserSans fil -
              
            
              
              AmbidextreSensibilité max : 800 dpiLe + :Technologie multi-touch permet de travailler en touchant la surface avec un ou plusieurs doigts",/ref/1169292,"https://boulanger.comhttps://boulanger.scene7.com/is/image/Boulanger/0194252542330_h_f_l_0?wid=120&hei=120&resMode=sharp2&op_usm=1.75,0.3,2,0"
Souris sans filAPPLEMagic Mouse,APPLE,"84,90€","Capteur : LaserSans fil -
              
            
              
              AmbidextreSensibilité max : 800 dpiLe + :Technologie multi-touch permet de travailler en touchant la surface avec un ou plusieurs doigts",/ref/1169292,"https://boulanger.comhttps://boulanger.scene7.com/is/image/Boulanger/0194252542330_h_f_l_0?wid=120&hei=120&resMode=sharp2&op_usm=1.75,0.3,2,0"
Souris sans filLOGITECHPebble 2 MS350s Blanc cassé,LOGITECH,"19,99€","Capteur : OptiqueBluetooth -
              
            
              
              AmbidextreSensibilité max : 1000 dpiLe + :Souris fine sans fil Bluetooth, portable, légère, boutons personnalisables",/ref/1195699,"https://boulanger.comhttps://boulanger.scene7.com/is/image/Boulanger/5099206110441_h_f_l_0?wid=120&hei=120&resMode=sharp2&op_usm=1.75,0.3,2,0"
Souris sans filLOGITECHPebble 2 MS350s Blanc cassé,LOGITECH,"19,99€","Capteur : OptiqueBluetooth -
              
            
              
              AmbidextreSensibilité max : 1000 dpiLe + :Souris fine sans fil Bluetooth, portable, légère, boutons personnalisables",/ref/1195699,"https://boulanger.comhttps://boulanger.scene7.com/is/image/Boulanger/5099206110441_h_f_l_0?wid=120&hei=120&resMode=sharp2&op_usm=1.75,0.3,2,0"
Souris sans filLOGITECHMX Master 3s Graphite Ergonomique,LOGITECH,"93,99€","Capteur : OptiqueBluetooth -
              
            
              
              DroitierSensibilité max : 8000 dpiLe + :sa performance sans fil tactile avec un suivi 8K sur verre et des clics silencieux",/ref/1180242,"https://boulanger.comhttps://boulanger.scene7.com/is/image/Boulanger/5099206103726_h_f_l_0?wid=120&hei=120&resMode=sharp2&op_usm=1.75,0.3,2,0"
Souris sans filLOGITECHMX Master 3s Graphite Ergonomique,LOGITECH,"93,99€","Capteur : OptiqueBluetooth -
              
            
              
              DroitierSensibilité max : 8000 dpiLe + :sa performance sans fil tactile avec un suivi 8K sur verre et des clics silencieux",/ref/1180242,"https://boulanger.comhttps://boulanger.scene7.com/is/image/Boulanger/5099206103726_h_f_l_0?wid=120&hei=120&resMode=sharp2&op_usm=1.75,0.3,2,0"
Souris sans filLOGITECHMX Vertical,LOGITECH,"84,99€","Capteur : Non communiquéSans fil -
              
            
              
              DroitierSensibilité max : 4000 dpiLe + :L'angle vertical unique à 57° de la souris MX Vertical réduit la pression exercée sur votre poignet",/ref/1117159,"https://boulanger.comhttps://boulanger.scene7.com/is/image/Boulanger/5099206081901_h_f_l_0?wid=120&hei=120&resMode=sharp2&op_usm=1.75,0.3,2,0"
Souris sans filLOGITECHMX Vertical,LOGITECH,"84,99€","Capteur : Non communiquéSans fil -
              
            
              
              DroitierSensibilité max : 4000 dpiLe + :L'angle vertical unique à 57° de la souris MX Vertical réduit la pression exercée sur votre poignet",/ref/1117159,"https://boulanger.comhttps://boulanger.scene7.com/is/image/Boulanger/5099206081901_h_f_l_0?wid=120&hei=120&resMode=sharp2&op_usm=1.75,0.3,2,0"
Souris sans filLOGITECHMX Vertical,LOGITECH,"84,99€","Capteur : Non communiquéSans fil -
              
            
              
              DroitierSensibilité max : 4000 dpiLe + :L'angle vertical unique à 57° de la souris MX Vertical réduit la pression exercée sur votre poignet",/ref/1117159,"https://boulanger.comhttps://boulanger.scene7.com/is/image/Boulanger/5099206081901_h_f_l_0?wid=120&hei=120&resMode=sharp2&op_usm=1.75,0.3,2,0"
Souris sans filLOGITECHM330 SILENT PLUS Noir,LOGITECH,"30,99€","Capteur : OptiqueSans fil -
              
            
              
              DroitierSensibilité max : 1000 dpiLe + :Possède des zones avec revêtement en caoutchouc pour un confort sans égal.",/ref/1079418,"https://boulanger.comhttps://boulanger.scene7.com/is/image/Boulanger/5099206066670_h_f_l_0?wid=120&hei=120&resMode=sharp2&op_usm=1.75,0.3,2,0"
Souris sans filLOGITECHM330 SILENT PLUS Noir,LOGITECH,"30,99€","Capteur : OptiqueSans fil -
              
            
              
              DroitierSensibilité max : 1000 dpiLe + :Possède des zones avec revêtement en caoutchouc pour un confort sans égal.",/ref/1079418,"https://boulanger.comhttps://boulanger.scene7.com/is/image/Boulanger/5099206066670_h_f_l_0?wid=120&hei=120&resMode=sharp2&op_usm=1.75,0.3,2,0"
Souris sans filLOGITECHM575 Ergo Graphite,LOGITECH,"38,89€","Capteur : OptiqueSans fil -
              
            
              
              TrackballSensibilité max : 2000 dpiLe + :sa forme ergonomique",/ref/1161133,"https://boulanger.comhttps://boulanger.scene7.com/is/image/Boulanger/5099206092273_h_f_l_0?wid=120&hei=120&resMode=sharp2&op_usm=1.75,0.3,2,0"
Souris sans filLOGITECHM575 Ergo Graphite,LOGITECH,"38,89€","Capteur : OptiqueSans fil -
              
            
              
              TrackballSensibilité max : 2000 dpiLe + :sa forme ergonomique",/ref/1161133,"https://boulanger.comhttps://boulanger.scene7.com/is/image/Boulanger/5099206092273_h_f_l_0?wid=120&hei=120&resMode=sharp2&op_usm=1.75,0.3,2,0"
Souris filaireLOGITECHM90,LOGITECH,"7,30€","Capteur : OptiqueFilaire -
              
            
              
              AmbidextreSensibilité max : 1000 dpiLe + :Son Suivi Optique Haute Définition: son pointeur offre un suivi précis et sélection de texte aisée",/ref/855075,"https://boulanger.comhttps://boulanger.scene7.com/is/image/Boulanger/5099206021860_h_f_l_0?wid=120&hei=120&resMode=sharp2&op_usm=1.75,0.3,2,0"
Souris filaireLOGITECHM90,LOGITECH,"7,30€","Capteur : OptiqueFilaire -
              
            
              
              AmbidextreSensibilité max : 1000 dpiLe + :Son Suivi Optique Haute Définition: son pointeur offre un suivi précis et sélection de texte aisée",/ref/855075,"https://boulanger.comhttps://boulanger.scene7.com/is/image/Boulanger/5099206021860_h_f_l_0?wid=120&hei=120&resMode=sharp2&op_usm=1.75,0.3,2,0"
Souris sans filLOGITECHM220 SILENT Noir,LOGITECH,"14,99€","Capteur : OptiqueSans fil -
              
            
              
              AmbidextreSensibilité max : 1000 dpiLe + :expérience silencieuse avec le même confort de clic grâce à la réduction des bruits de plus de 90%",/ref/1079415,"https://boulanger.comhttps://boulanger.scene7.com/is/image/Boulanger/5099206066199_h_f_l_0?wid=120&hei=120&resMode=sharp2&op_usm=1.75,0.3,2,0"
Souris sans filLOGITECHM220 SILENT Noir,LOGITECH,"14,99€","Capteur : OptiqueSans fil -
              
            
              
              AmbidextreSensibilité max : 1000 dpiLe + :expérience silencieuse avec le même confort de clic grâce à la réduction des bruits de plus de 90%",/ref/1079415,"https://boulanger.comhttps://boulanger.scene7.com/is/image/Boulanger/5099206066199_h_f_l_0?wid=120&hei=120&resMode=sharp2&op_usm=1.75,0.3,2,0"
Souris filaireHP1000 Wired Mouse,HP,"9,95€","Capteur : Non communiquéFilaire -
              
            
              
              AmbidextreSensibilité max : 1200 dpiLe + :Sans fil et Ambidextre",/ref/1173092,"https://boulanger.comhttps://boulanger.scene7.com/is/image/Boulanger/0192545918244_h_f_l_0?wid=120&hei=120&resMode=sharp2&op_usm=1.75,0.3,2,0"
Souris filaireHP1000 Wired Mouse,HP,"9,95€","Capteur : Non communiquéFilaire -
              
            
              
              AmbidextreSensibilité max : 1200 dpiLe + :Sans fil et Ambidextre",/ref/1173092,"https://boulanger.comhttps://boulanger.scene7.com/is/image/Boulanger/0192545918244_h_f_l_0?wid=120&hei=120&resMode=sharp2&op_usm=1.75,0.3,2,0"
Souris sans filLOGITECHM185 Swift Grey,LOGITECH,"14,99€","Capteur : OptiqueSans fil -
              
            
              
              AmbidextreSensibilité max : 1000 dpiLe + :Ultra-compact et discret, branchez le Dongle USB et oubliez le",/ref/250118,"https://boulanger.comhttps://boulanger.scene7.com/is/image/Boulanger/5099206027275_h_f_l_0?wid=120&hei=120&resMode=sharp2&op_usm=1.75,0.3,2,0"
Souris sans filLOGITECHM185 Swift Grey,LOGITECH,"14,99€","Capteur : OptiqueSans fil -
              
            
              
              AmbidextreSensibilité max : 1000 dpiLe + :Ultra-compact et discret, branchez le Dongle USB et oubliez le",/ref/250118,"https://boulanger.comhttps://boulanger.scene7.com/is/image/Boulanger/5099206027275_h_f_l_0?wid=120&hei=120&resMode=sharp2&op_usm=1.75,0.3,2,0"
Souris sans filLOGITECHMX ERGO,LOGITECH,"78,83€","Capteur : OptiqueSans fil -
              
            
              
              DroitierSensibilité max : 440 dpiLe + :La charnière réglable vous permet de choisir l'angle idéal vous offrant plus de confort et une position de la main plus naturelle",/ref/1096857,"https://boulanger.comhttps://boulanger.scene7.com/is/image/Boulanger/5099206073081_h_f_l_0?wid=120&hei=120&resMode=sharp2&op_usm=1.75,0.3,2,0"
Souris sans filLOGITECHMX ERGO,LOGITECH,"78,83€","Capteur : OptiqueSans fil -
              
            
              
              DroitierSensibilité max : 440 dpiLe + :La charnière réglable vous permet de choisir l'angle idéal vous offrant plus de confort et une position de la main plus naturelle",/ref/1096857,"https://boulanger.comhttps://boulanger.scene7.com/is/image/Boulanger/5099206073081_h_f_l_0?wid=120&hei=120&resMode=sharp2&op_usm=1.75,0.3,2,0"
Souris Gamer Sans FilLOGITECHG PRO X SUPERLIGHT 2 LIGHTSPEED Blanc,LOGITECH,"169,00€","Capteur : optique -
              
            
              
              32 000 dpiBluetooth, USBLe + :Souris très précise avec une technologie Led optique de plus de 8200 dpi",/ref/1194955,"https://boulanger.comhttps://boulanger.scene7.com/is/image/Boulanger/5099206104556_h_f_l_0?wid=120&hei=120&resMode=sharp2&op_usm=1.75,0.3,2,0"
Souris Gamer Sans FilLOGITECHG PRO X SUPERLIGHT 2 LIGHTSPEED Blanc,LOGITECH,"169,00€","Capteur : optique -
              
            
              
              32 000 dpiBluetooth, USBLe + :Souris très précise avec une technologie Led optique de plus de 8200 dpi",/ref/1194955,"https://boulanger.comhttps://boulanger.scene7.com/is/image/Boulanger/5099206104556_h_f_l_0?wid=120&hei=120&resMode=sharp2&op_usm=1.75,0.3,2,0"
Souris Gamer Sans FilLOGITECHG PRO X SUPERLIGHT 2 LIGHTSPEED Noir,LOGITECH,"169,00€","Capteur : optique -
              
            
              
              32 000 dpiBluetooth, USBLe + :Souris très précise avec une technologie Led optique de plus de 8200 dpi",/ref/1194954,"https://boulanger.comhttps://boulanger.scene7.com/is/image/Boulanger/5099206104532_h_f_l_0?wid=120&hei=120&resMode=sharp2&op_usm=1.75,0.3,2,0"
Souris Gamer Sans FilLOGITECHG PRO X SUPERLIGHT 2 LIGHTSPEED Noir,LOGITECH,"169,00€","Capteur : optique -
              
            
              
              32 000 dpiBluetooth, USBLe + :Souris très précise avec une technologie Led optique de plus de 8200 dpi",/ref/1194954,"https://boulanger.comhttps://boulanger.scene7.com/is/image/Boulanger/5099206104532_h_f_l_0?wid=120&hei=120&resMode=sharp2&op_usm=1.75,0.3,2,0"
Souris Gamer Sans FilLOGITECHG Pro Wireless,LOGITECH,"89,99€","Capteur : optique -
              
            
              
              25 600 dpiRGBUSBLe + :une souris ultra légère, précise, sans fil et conçue pour les joueurs professionnels.",/ref/1117160,"https://boulanger.comhttps://boulanger.scene7.com/is/image/Boulanger/5099206077362_h_f_l_0?wid=120&hei=120&resMode=sharp2&op_usm=1.75,0.3,2,0"
Souris Gamer Sans FilLOGITECHG Pro Wireless,LOGITECH,"89,99€","Capteur : optique -
              
            
              
              25 600 dpiRGBUSBLe + :une souris ultra légère, précise, sans fil et conçue pour les joueurs professionnels.",/ref/1117160,"https://boulanger.comhttps://boulanger.scene7.com/is/image/Boulanger/5099206077362_h_f_l_0?wid=120&hei=120&resMode=sharp2&op_usm=1.75,0.3,2,0"
Souris Gamer Sans FilLOGITECHG502X Lightspeed Blanc,LOGITECH,"109,99€","Capteur : optique -
              
            
              
              25 600 dpiUSBLe + :Réinventée et repensée avec les dernières innovations en matière de technologie gaming",/ref/1182596,"https://boulanger.comhttps://boulanger.scene7.com/is/image/Boulanger/5099206096400_h_f_l_0?wid=120&hei=120&resMode=sharp2&op_usm=1.75,0.3,2,0"
Souris Gamer Sans FilLOGITECHG502X Lightspeed Blanc,LOGITECH,"109,99€","Capteur : optique -
              
            
              
              25 600 dpiUSBLe + :Réinventée et repensée avec les dernières innovations en matière de technologie gaming",/ref/1182596,"https://boulanger.comhttps://boulanger.scene7.com/is/image/Boulanger/5099206096400_h_f_l_0?wid=120&hei=120&resMode=sharp2&op_usm=1.75,0.3,2,0"
Souris Gamer Sans FilRAZERViper V3 HyperSpeed,RAZER,"78,99€","Capteur : optique -
              
            
              
              30 000 dpiRGBUSBLe + :Dotée des meilleures technologies de sa catégorie et optimisée pour les prises en main",/ref/1196218,"https://boulanger.comhttps://boulanger.scene7.com/is/image/Boulanger/8886419334248_h_f_l_0?wid=120&hei=120&resMode=sharp2&op_usm=1.75,0.3,2,0"
Souris Gamer Sans FilRAZERViper V3 HyperSpeed,RAZER,"78,99€","Capteur : optique -
              
            
              
              30 000 dpiRGBUSBLe + :Dotée des meilleures technologies de sa catégorie et optimisée pour les prises en main",/ref/1196218,"https://boulanger.comhttps://boulanger.scene7.com/is/image/Boulanger/8886419334248_h_f_l_0?wid=120&hei=120&resMode=sharp2&op_usm=1.75,0.3,2,0"
Souris gamerSTEELSERIESAEROX 5 WIRELESS,STEELSERIES,"97,99€","Capteur : OptiqueSans fil -
              
            
              
              DroitierSensibilité max : 18 000 dpiLe + :Souris gamer sans fil ultra légère de design",/ref/1176942,"https://boulanger.comhttps://boulanger.scene7.com/is/image/Boulanger/5707119044837_h_f_l_0?wid=120&hei=120&resMode=sharp2&op_usm=1.75,0.3,2,0"
Souris gamerSTEELSERIESAEROX 5 WIRELESS,STEELSERIES,"97,99€","Capteur : OptiqueSans fil -
              
            
              
              DroitierSensibilité max : 18 000 dpiLe + :Souris gamer sans fil ultra légère de design",/ref/1176942,"https://boulanger.comhttps://boulanger.scene7.com/is/image/Boulanger/5707119044837_h_f_l_0?wid=120&hei=120&resMode=sharp2&op_usm=1.75,0.3,2,0"
Souris gamerSTEELSERIESAerox 3 Wireless (2022) Onyx,STEELSERIES,"109,99€","Capteur : OptiqueBluetooth et Radio-fréquence -
              
            
              
              DroitierSensibilité max : 18 000 dpiLe + :Souris ultra légère résistante à l'eau et à la poussière",/ref/1173127,"https://boulanger.comhttps://boulanger.scene7.com/is/image/Boulanger/5707119047562_h_f_l_0?wid=120&hei=120&resMode=sharp2&op_usm=1.75,0.3,2,0"
Souris gamerSTEELSERIESAerox 3 Wireless (2022) Onyx,STEELSERIES,"109,99€","Capteur : OptiqueBluetooth et Radio-fréquence -
              
            
              
              DroitierSensibilité max : 18 000 dpiLe + :Souris ultra légère résistante à l'eau et à la poussière",/ref/1173127,"https://boulanger.comhttps://boulanger.scene7.com/is/image/Boulanger/5707119047562_h_f_l_0?wid=120&hei=120&resMode=sharp2&op_usm=1.75,0.3,2,0"
Souris sans filLOGITECHMX anywhere 3S Silencieuse Graphite,LOGITECH,"73,99€","Capteur : Dark fieldBluetooth -
              
            
              
              DroitierSensibilité max : 8000 dpiLe + :boutons à clics discrets qui émettent moins de bruit",/ref/1192239,"https://boulanger.comhttps://boulanger.scene7.com/is/image/Boulanger/5099206111721_h_f_l_0?wid=120&hei=120&resMode=sharp2&op_usm=1.75,0.3,2,0"
Souris sans filLOGITECHMX anywhere 3S Silencieuse Graphite,LOGITECH,"73,99€","Capteur : Dark fieldBluetooth -
              
            
              
              DroitierSensibilité max : 8000 dpiLe + :boutons à clics discrets qui émettent moins de bruit",/ref/1192239,"https://boulanger.comhttps://boulanger.scene7.com/is/image/Boulanger/5099206111721_h_f_l_0?wid=120&hei=120&resMode=sharp2&op_usm=1.75,0.3,2,0"
Souris sans filLOGITECHMX Master 2S Graphite,LOGITECH,"69,99€","Capteur : Dark fieldBluetooth -
              
            
              
              DroitierSensibilité max : 4000 dpi",/ref/1200423,"https://boulanger.comhttps://boulanger.scene7.com/is/image/Boulanger/5099206118089_h_f_l_0?wid=120&hei=120&resMode=sharp2&op_usm=1.75,0.3,2,0"
Souris sans filLOGITECHMX Master 2S Graphite,LOGITECH,"69,99€","Capteur : Dark fieldBluetooth -
              
            
              
              DroitierSensibilité max : 4000 dpi",/ref/1200423,"https://boulanger.comhttps://boulanger.scene7.com/is/image/Boulanger/5099206118089_h_f_l_0?wid=120&hei=120&resMode=sharp2&op_usm=1.75,0.3,2,0"
Souris Gamer Sans FilLOGITECHG305 BLACK EWR2,LOGITECH,"47,99€","Capteur : optique -
              
            
              
              12 000 dpiUSBLe + :Sans fil et jusqu'à 250 heures d'autonomie",/ref/1110140,"https://boulanger.comhttps://boulanger.scene7.com/is/image/Boulanger/5099206077836_h_f_l_0?wid=120&hei=120&resMode=sharp2&op_usm=1.75,0.3,2,0"
Souris Gamer Sans FilLOGITECHG305 BLACK EWR2,LOGITECH,"47,99€","Capteur : optique -
              
            
              
              12 000 dpiUSBLe + :Sans fil et jusqu'à 250 heures d'autonomie",/ref/1110140,"https://boulanger.comhttps://boulanger.scene7.com/is/image/Boulanger/5099206077836_h_f_l_0?wid=120&hei=120&resMode=sharp2&op_usm=1.75,0.3,2,0"
Souris Gamer Sans FilLOGITECHG PRO X SUPERLIGHT- Blanc,LOGITECH,"99,99€","Capteur : optique -
              
            
              
              25 600 dpiUSBLe + :son poids, moins de 63 grammes, et sa technologie sans fil innovante de qualité professionnelle",/ref/1155372,"https://boulanger.comhttps://boulanger.scene7.com/is/image/Boulanger/5099206091733_h_f_l_0?wid=120&hei=120&resMode=sharp2&op_usm=1.75,0.3,2,0"
Souris Gamer Sans FilLOGITECHG PRO X SUPERLIGHT- Blanc,LOGITECH,"99,99€","Capteur : optique -
              
            
              
              25 600 dpiUSBLe + :son poids, moins de 63 grammes, et sa technologie sans fil innovante de qualité professionnelle",/ref/1155372,"https://boulanger.comhttps://boulanger.scene7.com/is/image/Boulanger/5099206091733_h_f_l_0?wid=120&hei=120&resMode=sharp2&op_usm=1.75,0.3,2,0"
Souris Gamer FilaireRAZERBasilisk V3,RAZER,"58,99€","Capteur : optique -
              
            
              
              26 000 dpiRGBUSBLe + :Personnalisez votre souris grâce aux 11 boutons programmables",/ref/1170549,"https://boulanger.comhttps://boulanger.scene7.com/is/image/Boulanger/8886419333487_h_f_l_0?wid=120&hei=120&resMode=sharp2&op_usm=1.75,0.3,2,0"
Souris Gamer FilaireRAZERBasilisk V3,RAZER,"58,99€","Capteur : optique -
              
            
              
              26 000 dpiRGBUSBLe + :Personnalisez votre souris grâce aux 11 boutons programmables",/ref/1170549,"https://boulanger.comhttps://boulanger.scene7.com/is/image/Boulanger/8886419333487_h_f_l_0?wid=120&hei=120&resMode=sharp2&op_usm=1.75,0.3,2,0"
Souris sans filAPPLEMagic Mouse Noir,APPLE,"98,11€","Capteur : LaserSans fil -
              
            
              
              AmbidextreSensibilité max : 800 dpiLe + :Très longue autonomie d'un mois",/ref/1176433,"https://boulanger.comhttps://boulanger.scene7.com/is/image/Boulanger/0194252917909_h_f_l_0?wid=120&hei=120&resMode=sharp2&op_usm=1.75,0.3,2,0"
Souris sans filAPPLEMagic Mouse Noir,APPLE,"98,11€","Capteur : LaserSans fil -
              
            
              
              AmbidextreSensibilité max : 800 dpiLe + :Très longue autonomie d'un mois",/ref/1176433,"https://boulanger.comhttps://boulanger.scene7.com/is/image/Boulanger/0194252917909_h_f_l_0?wid=120&hei=120&resMode=sharp2&op_usm=1.75,0.3,2,0"
Souris Gamer FilaireLOGITECHG502X filaire noir + tapis G240,LOGITECH,"69,99€","Capteur : optique -
              
            
              
              25 600 dpiUSB",/ref/1198468,"https://boulanger.comhttps://boulanger.scene7.com/is/image/Boulanger/5099206122178_h_f_l_0?wid=120&hei=120&resMode=sharp2&op_usm=1.75,0.3,2,0"
Souris Gamer FilaireLOGITECHG502X filaire noir + tapis G240,LOGITECH,"69,99€","Capteur : optique -
              
            
              
              25 600 dpiUSB",/ref/1198468,"https://boulanger.comhttps://boulanger.scene7.com/is/image/Boulanger/5099206122178_h_f_l_0?wid=120&hei=120&resMode=sharp2&op_usm=1.75,0.3,2,0"
Souris gamerSTEELSERIESAerox 3  Onyx,STEELSERIES,"69,99€","Capteur : OptiqueFilaire -
              
            
              
              DroitierSensibilité max : 8500 dpiLe + :Souris ultra légère résistante à l'eau et à la poussière",/ref/1173126,"https://boulanger.comhttps://boulanger.scene7.com/is/image/Boulanger/5707119047548_h_f_l_0?wid=120&hei=120&resMode=sharp2&op_usm=1.75,0.3,2,0"
Souris gamerSTEELSERIESAerox 3  Onyx,STEELSERIES,"69,99€","Capteur : OptiqueFilaire -
              
            
              
              DroitierSensibilité max : 8500 dpiLe + :Souris ultra légère résistante à l'eau et à la poussière",/ref/1173126,"https://boulanger.comhttps://boulanger.scene7.com/is/image/Boulanger/5707119047548_h_f_l_0?wid=120&hei=120&resMode=sharp2&op_usm=1.75,0.3,2,0"
Souris Gamer FilaireSKILLKORPM15 BLANCHE,SKILLKORP,"59,99€","Capteur : optique -
              
            
              
              16 000 dpiUSBLe + :Les 11 boutons programmable et la sensibilité max de 16 000 dpi",/ref/8010803,"https://boulanger.comhttps://boulanger.scene7.com/is/image/Boulanger/3497674182366_h_f_l_0?wid=120&hei=120&resMode=sharp2&op_usm=1.75,0.3,2,0"
Souris Gamer FilaireSKILLKORPM15 BLANCHE,SKILLKORP,"59,99€","Capteur : optique -
              
            
              
              16 000 dpiUSBLe + :Les 11 boutons programmable et la sensibilité max de 16 000 dpi",/ref/8010803,"https://boulanger.comhttps://boulanger.scene7.com/is/image/Boulanger/3497674182366_h_f_l_0?wid=120&hei=120&resMode=sharp2&op_usm=1.75,0.3,2,0"
Souris Gamer FilaireSKILLKORPM15 BLANCHE,SKILLKORP,"59,99€","Capteur : optique -
              
            
              
              16 000 dpiUSBLe + :Les 11 boutons programmable et la sensibilité max de 16 000 dpi",/ref/8010803,"https://boulanger.comhttps://boulanger.scene7.com/is/image/Boulanger/3497674182366_h_f_l_0?wid=120&hei=120&resMode=sharp2&op_usm=1.75,0.3,2,0"
Souris Gamer Sans FilCORSAIRM75 Wireless RGB Noire,CORSAIR,"99,99€","Capteur : optique -
              
            
              
              26 000 dpiRGBBluetooth, USBLe + :La M75 offre une forme symétrique conçue pour vous permettre de jouer au maximum de vos capacités",/ref/1203814,"https://boulanger.comhttps://boulanger.scene7.com/is/image/Boulanger/0840006669043_h_f_l_0?wid=120&hei=120&resMode=sharp2&op_usm=1.75,0.3,2,0"
Souris Gamer Sans FilCORSAIRM75 Wireless RGB Noire,CORSAIR,"99,99€","Capteur : optique -
              
            
              
              26 000 dpiRGBBluetooth, USBLe + :La M75 offre une forme symétrique conçue pour vous permettre de jouer au maximum de vos capacités",/ref/1203814,"https://boulanger.comhttps://boulanger.scene7.com/is/image/Boulanger/0840006669043_h_f_l_0?wid=120&hei=120&resMode=sharp2&op_usm=1.75,0.3,2,0"
Souris sans filLOGITECHMx Master 3s pour Mac Gris Sidéral,LOGITECH,"94,99€","Capteur : Dark fieldBluetooth -
              
            
              
              DroitierSensibilité max : 8000 dpiLe + :Son ergonomie et sa compatibilité pour Mac",/ref/1185731,"https://boulanger.comhttps://boulanger.scene7.com/is/image/Boulanger/5099206103740_h_f_l_0?wid=120&hei=120&resMode=sharp2&op_usm=1.75,0.3,2,0"
Souris sans filLOGITECHMx Master 3s pour Mac Gris Sidéral,LOGITECH,"94,99€","Capteur : Dark fieldBluetooth -
              
            
              
              DroitierSensibilité max : 8000 dpiLe + :Son ergonomie et sa compatibilité pour Mac",/ref/1185731,"https://boulanger.comhttps://boulanger.scene7.com/is/image/Boulanger/5099206103740_h_f_l_0?wid=120&hei=120&resMode=sharp2&op_usm=1.75,0.3,2,0"
Souris Gamer Sans FilASUSROG Harpe Ace Aim Lab Edition,ASUS,"119,99€","Capteur : laser -
              
            
              
              36 000 dpiWifi, Bluetooth, USBLe + :Ultra légère 64 grammes seulement et jusqu'à 90 heures d'autonomie",/ref/1188664,"https://boulanger.comhttps://boulanger.scene7.com/is/image/Boulanger/4711081936428_h_f_l_0?wid=120&hei=120&resMode=sharp2&op_usm=1.75,0.3,2,0"
Souris Gamer Sans FilASUSROG Harpe Ace Aim Lab Edition,ASUS,"119,99€","Capteur : laser -
              
            
              
              36 000 dpiWifi, Bluetooth, USBLe + :Ultra légère 64 grammes seulement et jusqu'à 90 heures d'autonomie",/ref/1188664,"https://boulanger.comhttps://boulanger.scene7.com/is/image/Boulanger/4711081936428_h_f_l_0?wid=120&hei=120&resMode=sharp2&op_usm=1.75,0.3,2,0"
Souris Gamer Sans FilROCCATKone Pro Air blanc,ROCCAT,"104,35€","Capteur : optique -
              
            
              
              19 000 dpiRGBBluetooth, USBLe + :la forme ergonomique emblématique et son poids ultraléger",/ref/1164159,"https://boulanger.comhttps://boulanger.scene7.com/is/image/Boulanger/0731855504169_h_f_l_0?wid=120&hei=120&resMode=sharp2&op_usm=1.75,0.3,2,0"
Souris Gamer Sans FilROCCATKone Pro Air blanc,ROCCAT,"104,35€","Capteur : optique -
              
            
              
              19 000 dpiRGBBluetooth, USBLe + :la forme ergonomique emblématique et son poids ultraléger",/ref/1164159,"https://boulanger.comhttps://boulanger.scene7.com/is/image/Boulanger/0731855504169_h_f_l_0?wid=120&hei=120&resMode=sharp2&op_usm=1.75,0.3,2,0"
Souris Gamer Sans FilASUSROG Keris II Wireless Ace Blanc,ASUS,"179,95€","Capteur : optique -
              
            
              
              42 000 dpiRGBBluetoothLe + :la forme testée par des pros de FPS",/ref/1204058,"https://boulanger.comhttps://boulanger.scene7.com/is/image/Boulanger/4711387394618_h_f_l_0?wid=120&hei=120&resMode=sharp2&op_usm=1.75,0.3,2,0"
Souris Gamer Sans FilASUSROG Keris II Wireless Ace Blanc,ASUS,"179,95€","Capteur : optique -
              
            
              
              42 000 dpiRGBBluetoothLe + :la forme testée par des pros de FPS",/ref/1204058,"https://boulanger.comhttps://boulanger.scene7.com/is/image/Boulanger/4711387394618_h_f_l_0?wid=120&hei=120&resMode=sharp2&op_usm=1.75,0.3,2,0"
Souris Gamer Sans FilASUSROG Keris II Wireless Ace,ASUS,"179,95€","Capteur : optique -
              
            
              
              42 000 dpiRGBBluetoothLe + :la forme testée par des pros de FPS",/ref/1204057,"https://boulanger.comhttps://boulanger.scene7.com/is/image/Boulanger/4711387394571_h_f_l_0?wid=120&hei=120&resMode=sharp2&op_usm=1.75,0.3,2,0"
Souris Gamer Sans FilASUSROG Keris II Wireless Ace,ASUS,"179,95€","Capteur : optique -
              
            
              
              42 000 dpiRGBBluetoothLe + :la forme testée par des pros de FPS",/ref/1204057,"https://boulanger.comhttps://boulanger.scene7.com/is/image/Boulanger/4711387394571_h_f_l_0?wid=120&hei=120&resMode=sharp2&op_usm=1.75,0.3,2,0"
Souris sans filESSENTIELBEM-10,ESSENTIELB,"34,99€","Capteur : OptiqueSans fil -
              
            
              
              DroitierSensibilité max : 2400 dpiLe + :son autonomie",/ref/8008465,"https://boulanger.comhttps://boulanger.scene7.com/is/image/Boulanger/3497674159702_h_f_l_0?wid=120&hei=120&resMode=sharp2&op_usm=1.75,0.3,2,0"
Souris sans filESSENTIELBEM-10,ESSENTIELB,"34,99€","Capteur : OptiqueSans fil -
              
            
              
              DroitierSensibilité max : 2400 dpiLe + :son autonomie",/ref/8008465,"https://boulanger.comhttps://boulanger.scene7.com/is/image/Boulanger/3497674159702_h_f_l_0?wid=120&hei=120&resMode=sharp2&op_usm=1.75,0.3,2,0"
Souris sans filLOGITECHSignature M650 Graphite,LOGITECH,"32,99€","Capteur : OptiqueBluetooth -
              
            
              
              DroitierSensibilité max : 2000 dpiLe + :ses boutons sur le côté programmables.",/ref/1175235,"https://boulanger.comhttps://boulanger.scene7.com/is/image/Boulanger/5099206097223_h_f_l_0?wid=120&hei=120&resMode=sharp2&op_usm=1.75,0.3,2,0"
Souris sans filLOGITECHSignature M650 Graphite,LOGITECH,"32,99€","Capteur : OptiqueBluetooth -
              
            
              
              DroitierSensibilité max : 2000 dpiLe + :ses boutons sur le côté programmables.",/ref/1175235,"https://boulanger.comhttps://boulanger.scene7.com/is/image/Boulanger/5099206097223_h_f_l_0?wid=120&hei=120&resMode=sharp2&op_usm=1.75,0.3,2,0"
Souris sans filLOGITECHM280 Noire,LOGITECH,"39,99€","Capteur : OptiqueSans fil -
              
            
              
              DroitierSensibilité max : 1000 dpiLe + :sa précision sa réactivité optimale",/ref/1075779,"https://boulanger.comhttps://boulanger.scene7.com/is/image/Boulanger/5099206052543_h_f_l_0?wid=120&hei=120&resMode=sharp2&op_usm=1.75,0.3,2,0"
Souris sans filLOGITECHM280 Noire,LOGITECH,"39,99€","Capteur : OptiqueSans fil -
              
            
              
              DroitierSensibilité max : 1000 dpiLe + :sa précision sa réactivité optimale",/ref/1075779,"https://boulanger.comhttps://boulanger.scene7.com/is/image/Boulanger/5099206052543_h_f_l_0?wid=120&hei=120&resMode=sharp2&op_usm=1.75,0.3,2,0"
Souris Gamer Sans FilSTEELSERIESAEROX 5 WL DIABLO IV EDT,STEELSERIES,"159,99€","Capteur : optique -
              
            
              
              19 000 dpiRGBBluetoothLe + :Obtenez le trophée de jeu "" Bound Faith "" pour votre monture dans Diablo IV",/ref/1198653,"https://boulanger.comhttps://boulanger.scene7.com/is/image/Boulanger/5707119053815_h_f_l_0?wid=120&hei=120&resMode=sharp2&op_usm=1.75,0.3,2,0"
Souris Gamer Sans FilSTEELSERIESAEROX 5 WL DIABLO IV EDT,STEELSERIES,"159,99€","Capteur : optique -
              
            
              
              19 000 dpiRGBBluetoothLe + :Obtenez le trophée de jeu "" Bound Faith "" pour votre monture dans Diablo IV",/ref/1198653,"https://boulanger.comhttps://boulanger.scene7.com/is/image/Boulanger/5707119053815_h_f_l_0?wid=120&hei=120&resMode=sharp2&op_usm=1.75,0.3,2,0"
Souris Gamer Sans FilASUSROG Strix Impact III Wireless,ASUS,"79,99€","Capteur : optique -
              
            
              
              36 000 dpiRGBBluetoothLe + :légère et ambidextre, adaptée aux jeux FPS",/ref/1204056,"https://boulanger.comhttps://boulanger.scene7.com/is/image/Boulanger/4711387278161_h_f_l_0?wid=120&hei=120&resMode=sharp2&op_usm=1.75,0.3,2,0"
Souris Gamer Sans FilASUSROG Strix Impact III Wireless,ASUS,"79,99€","Capteur : optique -
              
            
              
              36 000 dpiRGBBluetoothLe + :légère et ambidextre, adaptée aux jeux FPS",/ref/1204056,"https://boulanger.comhttps://boulanger.scene7.com/is/image/Boulanger/4711387278161_h_f_l_0?wid=120&hei=120&resMode=sharp2&op_usm=1.75,0.3,2,0"
Souris sans filESSENTIELBM-10-SF,ESSENTIELB,"29,99€","Capteur : OptiqueSans fil -
              
            
              
              AmbidextreSensibilité max : 2400 dpiLe + :Sa double connectivité (bluetooth et dongle USB) / souris à batterie rechargeable par câble USB",/ref/8008562,"https://boulanger.comhttps://boulanger.scene7.com/is/image/Boulanger/3497674160678_h_f_l_0?wid=120&hei=120&resMode=sharp2&op_usm=1.75,0.3,2,0"
Souris sans filESSENTIELBM-10-SF,ESSENTIELB,"29,99€","Capteur : OptiqueSans fil -
              
            
              
              AmbidextreSensibilité max : 2400 dpiLe + :Sa double connectivité (bluetooth et dongle USB) / souris à batterie rechargeable par câble USB",/ref/8008562,"https://boulanger.comhttps://boulanger.scene7.com/is/image/Boulanger/3497674160678_h_f_l_0?wid=120&hei=120&resMode=sharp2&op_usm=1.75,0.3,2,0"
Souris gamerSTEELSERIESAerox 3 White,STEELSERIES,"69,99€","Capteur : OptiqueFilaire -
              
            
              
              DroitierSensibilité max : 8500 dpiLe + :Souris ultra légère résistante à l'eau et à la poussière",/ref/1158589,"https://boulanger.comhttps://boulanger.scene7.com/is/image/Boulanger/5707119043212_h_f_l_0?wid=120&hei=120&resMode=sharp2&op_usm=1.75,0.3,2,0"
Souris gamerSTEELSERIESAerox 3 White,STEELSERIES,"69,99€","Capteur : OptiqueFilaire -
              
            
              
              DroitierSensibilité max : 8500 dpiLe + :Souris ultra légère résistante à l'eau et à la poussière",/ref/1158589,"https://boulanger.comhttps://boulanger.scene7.com/is/image/Boulanger/5707119043212_h_f_l_0?wid=120&hei=120&resMode=sharp2&op_usm=1.75,0.3,2,0"
Souris Gamer Sans FilCORSAIRM75 Wireless RGB Blanche,CORSAIR,"129,99€","Capteur : infrarouge -
              
            
              
              26 000 dpiRGBBluetooth, USBLe + :La M75 offre une forme symétrique conçue pour vous permettre de jouer au maximum de vos capacités",/ref/1203815,"https://boulanger.comhttps://boulanger.scene7.com/is/image/Boulanger/0840006649557_h_f_l_0?wid=120&hei=120&resMode=sharp2&op_usm=1.75,0.3,2,0"
Souris Gamer Sans FilCORSAIRM75 Wireless RGB Blanche,CORSAIR,"129,99€","Capteur : infrarouge -
              
            
              
              26 000 dpiRGBBluetooth, USBLe + :La M75 offre une forme symétrique conçue pour vous permettre de jouer au maximum de vos capacités",/ref/1203815,"https://boulanger.comhttps://boulanger.scene7.com/is/image/Boulanger/0840006649557_h_f_l_0?wid=120&hei=120&resMode=sharp2&op_usm=1.75,0.3,2,0"
Souris Gamer Sans FilCORSAIRDark Core RGB Pro,CORSAIR,"89,99€","Capteur : optique -
              
            
              
              18 000 dpiRGBWifi, Bluetooth, USBLe + :Technologie SLIPSTREAM WIRELESS inférieure à 1 ms. Capteur PixArt PAW3392 et Switchs Omron",/ref/9000344836,"https://boulanger.comhttps://boulanger.scene7.com/is/image/Boulanger/0840006616016_h_f_l_0?wid=120&hei=120&resMode=sharp2&op_usm=1.75,0.3,2,0"
Souris Gamer Sans FilCORSAIRDark Core RGB Pro,CORSAIR,"89,99€","Capteur : optique -
              
            
              
              18 000 dpiRGBWifi, Bluetooth, USBLe + :Technologie SLIPSTREAM WIRELESS inférieure à 1 ms. Capteur PixArt PAW3392 et Switchs Omron",/ref/9000344836,"https://boulanger.comhttps://boulanger.scene7.com/is/image/Boulanger/0840006616016_h_f_l_0?wid=120&hei=120&resMode=sharp2&op_usm=1.75,0.3,2,0"
Souris Gamer FilaireCORSAIRScimitar RGB Elite,CORSAIR,"69,99€","Capteur : optique -
              
            
              
              18 000 dpiRGBUSBLe + :ses 17 boutons programmables  pour les actions fréquentes et pour exécuter des macros complexes",/ref/9000344835,"https://boulanger.comhttps://boulanger.scene7.com/is/image/Boulanger/0840006616214_h_f_l_0?wid=120&hei=120&resMode=sharp2&op_usm=1.75,0.3,2,0"
Souris Gamer FilaireCORSAIRScimitar RGB Elite,CORSAIR,"69,99€","Capteur : optique -
              
            
              
              18 000 dpiRGBUSBLe + :ses 17 boutons programmables  pour les actions fréquentes et pour exécuter des macros complexes",/ref/9000344835,"https://boulanger.comhttps://boulanger.scene7.com/is/image/Boulanger/0840006616214_h_f_l_0?wid=120&hei=120&resMode=sharp2&op_usm=1.75,0.3,2,0"
Souris Gamer Sans FilRAZERCobra Pro,RAZER,"141,99€","Capteur : optique -
              
            
              
              30 000 dpiRGBWifi, Bluetooth, USBLe + :Souris Bluetooth RGB, avec une sensibilité à 30000Dpi",/ref/1196219,"https://boulanger.comhttps://boulanger.scene7.com/is/image/Boulanger/8886419334125_h_f_l_0?wid=120&hei=120&resMode=sharp2&op_usm=1.75,0.3,2,0"
Souris Gamer Sans FilRAZERCobra Pro,RAZER,"141,99€","Capteur : optique -
              
            
              
              30 000 dpiRGBWifi, Bluetooth, USBLe + :Souris Bluetooth RGB, avec une sensibilité à 30000Dpi",/ref/1196219,"https://boulanger.comhttps://boulanger.scene7.com/is/image/Boulanger/8886419334125_h_f_l_0?wid=120&hei=120&resMode=sharp2&op_usm=1.75,0.3,2,0"
Souris Gamer FilaireLOGITECHG502X filaire Noir,LOGITECH,"64,99€","Capteur : optique -
              
            
              
              25 600 dpiUSBLe + :Technologie hybride optique mécanique, molette libre ou crantée, précision jusqu'à 25600 Dpi",/ref/1182595,"https://boulanger.comhttps://boulanger.scene7.com/is/image/Boulanger/5099206096301_h_f_l_0?wid=120&hei=120&resMode=sharp2&op_usm=1.75,0.3,2,0"
Souris Gamer FilaireLOGITECHG502X filaire Noir,LOGITECH,"64,99€","Capteur : optique -
              
            
              
              25 600 dpiUSBLe + :Technologie hybride optique mécanique, molette libre ou crantée, précision jusqu'à 25600 Dpi",/ref/1182595,"https://boulanger.comhttps://boulanger.scene7.com/is/image/Boulanger/5099206096301_h_f_l_0?wid=120&hei=120&resMode=sharp2&op_usm=1.75,0.3,2,0"
Souris sans filLOGITECHPebble 2 MS350s Rose,LOGITECH,"29,99€","Capteur : OptiqueBluetooth -
              
            
              
              AmbidextreSensibilité max : 1000 dpiLe + :Souris fine sans fil Bluetooth, portable, légère, boutons personnalisables",/ref/1195700,"https://boulanger.comhttps://boulanger.scene7.com/is/image/Boulanger/5099206110410_h_f_l_0?wid=120&hei=120&resMode=sharp2&op_usm=1.75,0.3,2,0"
Souris sans filLOGITECHPebble 2 MS350s Rose,LOGITECH,"29,99€","Capteur : OptiqueBluetooth -
              
            
              
              AmbidextreSensibilité max : 1000 dpiLe + :Souris fine sans fil Bluetooth, portable, légère, boutons personnalisables",/ref/1195700,"https://boulanger.comhttps://boulanger.scene7.com/is/image/Boulanger/5099206110410_h_f_l_0?wid=120&hei=120&resMode=sharp2&op_usm=1.75,0.3,2,0"
Souris Gamer FilaireHYPERXPulsefire Haste Blanche 2 Wireless,HYPERX,"109,99€","Capteur : optique -
              
            
              
              26 000 dpiRGBUSB",/ref/9000670546,"https://boulanger.comhttps://boulanger.scene7.com/is/image/Boulanger/0196786272547_h_f_l_0?wid=120&hei=120&resMode=sharp2&op_usm=1.75,0.3,2,0"
Souris Gamer FilaireHYPERXPulsefire Haste Blanche 2 Wireless,HYPERX,"109,99€","Capteur : optique -
              
            
              
              26 000 dpiRGBUSB",/ref/9000670546,"https://boulanger.comhttps://boulanger.scene7.com/is/image/Boulanger/0196786272547_h_f_l_0?wid=120&hei=120&resMode=sharp2&op_usm=1.75,0.3,2,0"
Clavier sans filAPPLEMagic Keyboard 2017 avec Pad Numérique,APPLE,"134,99€","BluetoothTouches silencieusesAlimentation : Rechargeable -
              
            
              
              Rétroéclairé : RGB non intégréLe + :Un clavier design avec pavé numérique.",/ref/1091551,"https://boulanger.comhttps://boulanger.scene7.com/is/image/Boulanger/0190198383297_h_f_l_0?wid=120&hei=120&resMode=sharp2&op_usm=1.75,0.3,2,0"
Clavier sans filAPPLEMagic Keyboard 2017 avec Pad Numérique,APPLE,"134,99€","BluetoothTouches silencieusesAlimentation : Rechargeable -
              
            
              
              Rétroéclairé : RGB non intégréLe + :Un clavier design avec pavé numérique.",/ref/1091551,"https://boulanger.comhttps://boulanger.scene7.com/is/image/Boulanger/0190198383297_h_f_l_0?wid=120&hei=120&resMode=sharp2&op_usm=1.75,0.3,2,0"
Clavier + SourisLOGITECHMK950 Signature Slim Bluetooth Graphite,LOGITECH,"119,00€",BluetoothTouches silencieusesAlimentation : 2 piles AAA et 1 pile AA,/ref/1203423,"https://boulanger.comhttps://boulanger.scene7.com/is/image/Boulanger/5099206119369_h_f_l_0?wid=120&hei=120&resMode=sharp2&op_usm=1.75,0.3,2,0"
Clavier + SourisLOGITECHMK950 Signature Slim Bluetooth Graphite,LOGITECH,"119,00€",BluetoothTouches silencieusesAlimentation : 2 piles AAA et 1 pile AA,/ref/1203423,"https://boulanger.comhttps://boulanger.scene7.com/is/image/Boulanger/5099206119369_h_f_l_0?wid=120&hei=120&resMode=sharp2&op_usm=1.75,0.3,2,0"
Clavier + SourisLOGITECHMK295 Silent Wireless Combo,LOGITECH,"34,95€",Sans filTouches silencieusesAlimentation : 2 piles AAA et 1 pile AALe + :Technologie Silent Touch qui élimine plus de 90 % des bruits du clavier et de la souris,/ref/1155008,"https://boulanger.comhttps://boulanger.scene7.com/is/image/Boulanger/5099206092389_h_f_l_0?wid=120&hei=120&resMode=sharp2&op_usm=1.75,0.3,2,0"
Clavier + SourisLOGITECHMK295 Silent Wireless Combo,LOGITECH,"34,95€",Sans filTouches silencieusesAlimentation : 2 piles AAA et 1 pile AALe + :Technologie Silent Touch qui élimine plus de 90 % des bruits du clavier et de la souris,/ref/1155008,"https://boulanger.comhttps://boulanger.scene7.com/is/image/Boulanger/5099206092389_h_f_l_0?wid=120&hei=120&resMode=sharp2&op_usm=1.75,0.3,2,0"
Clavier + SourisLOGITECHMK295 Silent Wireless Combo,LOGITECH,"34,95€",Sans filTouches silencieusesAlimentation : 2 piles AAA et 1 pile AALe + :Technologie Silent Touch qui élimine plus de 90 % des bruits du clavier et de la souris,/ref/1155008,"https://boulanger.comhttps://boulanger.scene7.com/is/image/Boulanger/5099206092389_h_f_l_0?wid=120&hei=120&resMode=sharp2&op_usm=1.75,0.3,2,0"
Clavier + SourisLOGITECHMK470 Blanc,LOGITECH,"49,99€","Sans fil (Dongle USB)Touches silencieusesAlimentation : 2 piles AAA et 1 pile AA -
              
            
              
              Rétroéclairé : RGB non intégréLe + :son design compact et ultra fin",/ref/1136108,"https://boulanger.comhttps://boulanger.scene7.com/is/image/Boulanger/5099206086470_h_f_l_0?wid=120&hei=120&resMode=sharp2&op_usm=1.75,0.3,2,0"
Clavier + SourisLOGITECHMK470 Blanc,LOGITECH,"49,99€","Sans fil (Dongle USB)Touches silencieusesAlimentation : 2 piles AAA et 1 pile AA -
              
            
              
              Rétroéclairé : RGB non intégréLe + :son design compact et ultra fin",/ref/1136108,"https://boulanger.comhttps://boulanger.scene7.com/is/image/Boulanger/5099206086470_h_f_l_0?wid=120&hei=120&resMode=sharp2&op_usm=1.75,0.3,2,0"
Clavier sans filLOGITECHMX Mechanical Rétroéclairé,LOGITECH,"135,99€","BluetoothTouches silencieusesAlimentation : Rechargeable -
              
            
              Rétroéclairé -
              
            
              
              Longueur câble : 1,00 mLe + :clavier performant avec une frappe mécanique fluide et silencieuse et rétroéclairage intelligent",/ref/1180247,"https://boulanger.comhttps://boulanger.scene7.com/is/image/Boulanger/5099206103047_h_f_l_0?wid=120&hei=120&resMode=sharp2&op_usm=1.75,0.3,2,0"
Clavier sans filLOGITECHMX Mechanical Rétroéclairé,LOGITECH,"135,99€","BluetoothTouches silencieusesAlimentation : Rechargeable -
              
            
              Rétroéclairé -
              
            
              
              Longueur câble : 1,00 mLe + :clavier performant avec une frappe mécanique fluide et silencieuse et rétroéclairage intelligent",/ref/1180247,"https://boulanger.comhttps://boulanger.scene7.com/is/image/Boulanger/5099206103047_h_f_l_0?wid=120&hei=120&resMode=sharp2&op_usm=1.75,0.3,2,0"
Clavier + SourisLOGITECHMK270 Wireless Desktop,LOGITECH,"28,99€","Sans fil (Dongle USB)Alimentation : 2 Piles AAA -
              
            
              
              Rétroéclairé : RGB non intégréLe + :Sans fil offre une connexion rapide, fiable ; longévité de plusieurs mois sans besoin de changer les piles (commutateur Marche/Arrêt)",/ref/1000407,"https://boulanger.comhttps://boulanger.scene7.com/is/image/Boulanger/5099206039162_h_f_l_0?wid=120&hei=120&resMode=sharp2&op_usm=1.75,0.3,2,0"
Clavier + SourisLOGITECHMK270 Wireless Desktop,LOGITECH,"28,99€","Sans fil (Dongle USB)Alimentation : 2 Piles AAA -
              
            
              
              Rétroéclairé : RGB non intégréLe + :Sans fil offre une connexion rapide, fiable ; longévité de plusieurs mois sans besoin de changer les piles (commutateur Marche/Arrêt)",/ref/1000407,"https://boulanger.comhttps://boulanger.scene7.com/is/image/Boulanger/5099206039162_h_f_l_0?wid=120&hei=120&resMode=sharp2&op_usm=1.75,0.3,2,0"
Clavier + SourisLOGITECHMK270 Wireless Desktop,LOGITECH,"28,99€","Sans fil (Dongle USB)Alimentation : 2 Piles AAA -
              
            
              
              Rétroéclairé : RGB non intégréLe + :Sans fil offre une connexion rapide, fiable ; longévité de plusieurs mois sans besoin de changer les piles (commutateur Marche/Arrêt)",/ref/1000407,"https://boulanger.comhttps://boulanger.scene7.com/is/image/Boulanger/5099206039162_h_f_l_0?wid=120&hei=120&resMode=sharp2&op_usm=1.75,0.3,2,0"
Clavier + SourisLOGITECHMK540 Advanced,LOGITECH,"39,99€",Sans filTouches silencieusesAlimentation : 2 Piles AALe + :1 seul récepteur USB pour le clavier et la souris.,/ref/1106551,"https://boulanger.comhttps://boulanger.scene7.com/is/image/Boulanger/5099206077386_h_f_l_0?wid=120&hei=120&resMode=sharp2&op_usm=1.75,0.3,2,0"
Clavier + SourisLOGITECHMK540 Advanced,LOGITECH,"39,99€",Sans filTouches silencieusesAlimentation : 2 Piles AALe + :1 seul récepteur USB pour le clavier et la souris.,/ref/1106551,"https://boulanger.comhttps://boulanger.scene7.com/is/image/Boulanger/5099206077386_h_f_l_0?wid=120&hei=120&resMode=sharp2&op_usm=1.75,0.3,2,0"
Clavier gamer sans filLOGITECHG915 TKL LIGHTSPEED RVB,LOGITECH,"139,00€","Touches : mécanique -
              
            
              
              Switch : brownType de Switch : tactileRétroéclairage : RGBBluetoothLe + :40 heures d'autonomies avec une seule charge",/ref/1175479,"https://boulanger.comhttps://boulanger.scene7.com/is/image/Boulanger/5099206088764_h_f_l_0?wid=120&hei=120&resMode=sharp2&op_usm=1.75,0.3,2,0"
Clavier gamer sans filLOGITECHG915 TKL LIGHTSPEED RVB,LOGITECH,"139,00€","Touches : mécanique -
              
            
              
              Switch : brownType de Switch : tactileRétroéclairage : RGBBluetoothLe + :40 heures d'autonomies avec une seule charge",/ref/1175479,"https://boulanger.comhttps://boulanger.scene7.com/is/image/Boulanger/5099206088764_h_f_l_0?wid=120&hei=120&resMode=sharp2&op_usm=1.75,0.3,2,0"
Clavier sans filLOGITECHMX Keys S  Silencieux Graphite,LOGITECH,"119,00€","BluetoothTouches silencieusesAlimentation : USB -
              
            
              Rétroéclairé -
              
            
              
              Longueur câble : 1,00 mLe + :L'automatisation des tâches répétitives pour gagner du temps.",/ref/1192236,"https://boulanger.comhttps://boulanger.scene7.com/is/image/Boulanger/5099206112261_h_f_l_0?wid=120&hei=120&resMode=sharp2&op_usm=1.75,0.3,2,0"
Clavier sans filLOGITECHMX Keys S  Silencieux Graphite,LOGITECH,"119,00€","BluetoothTouches silencieusesAlimentation : USB -
              
            
              Rétroéclairé -
              
            
              
              Longueur câble : 1,00 mLe + :L'automatisation des tâches répétitives pour gagner du temps.",/ref/1192236,"https://boulanger.comhttps://boulanger.scene7.com/is/image/Boulanger/5099206112261_h_f_l_0?wid=120&hei=120&resMode=sharp2&op_usm=1.75,0.3,2,0"
Clavier + SourisLOGITECHMX keys S avec repose poignet,LOGITECH,"219,00€","BluetoothTouches silencieusesSupport poignetAlimentation : USB -
              
            
              Rétroéclairé -
              
            
              
              Longueur câble : 1,00 mLe + :L'automatisation des tâches répétitives pour gagner du temps.",/ref/1192238,"https://boulanger.comhttps://boulanger.scene7.com/is/image/Boulanger/5099206112377_h_f_l_0?wid=120&hei=120&resMode=sharp2&op_usm=1.75,0.3,2,0"
Clavier + SourisLOGITECHMX keys S avec repose poignet,LOGITECH,"219,00€","BluetoothTouches silencieusesSupport poignetAlimentation : USB -
              
            
              Rétroéclairé -
              
            
              
              Longueur câble : 1,00 mLe + :L'automatisation des tâches répétitives pour gagner du temps.",/ref/1192238,"https://boulanger.comhttps://boulanger.scene7.com/is/image/Boulanger/5099206112377_h_f_l_0?wid=120&hei=120&resMode=sharp2&op_usm=1.75,0.3,2,0"
Clavier filaireESSENTIELBECO 2023,ESSENTIELB,"15,99€","FilaireTouches silencieusesAlimentation : USB -
              
            
              
              Longueur câble : 1,50 mLe + :fabriqué avec 85% de matières recyclées",/ref/8010797,"https://boulanger.comhttps://boulanger.scene7.com/is/image/Boulanger/3497674182304_h_f_l_0?wid=120&hei=120&resMode=sharp2&op_usm=1.75,0.3,2,0"
Clavier filaireESSENTIELBECO 2023,ESSENTIELB,"15,99€","FilaireTouches silencieusesAlimentation : USB -
              
            
              
              Longueur câble : 1,50 mLe + :fabriqué avec 85% de matières recyclées",/ref/8010797,"https://boulanger.comhttps://boulanger.scene7.com/is/image/Boulanger/3497674182304_h_f_l_0?wid=120&hei=120&resMode=sharp2&op_usm=1.75,0.3,2,0"
Clavier + SourisLOGITECHMK710,LOGITECH,"90,99€","Sans fil (Dongle USB)Support poignetAlimentation : 2 Piles AA -
              
            
              
              Rétroéclairé : RGB non intégréLe + :l'autonomie de 3 ans, les nombreux raccourcis et l'écran LCD.",/ref/855120,"https://boulanger.comhttps://boulanger.scene7.com/is/image/Boulanger/5099206020993_h_f_l_0?wid=120&hei=120&resMode=sharp2&op_usm=1.75,0.3,2,0"
Clavier + SourisLOGITECHMK710,LOGITECH,"90,99€","Sans fil (Dongle USB)Support poignetAlimentation : 2 Piles AA -
              
            
              
              Rétroéclairé : RGB non intégréLe + :l'autonomie de 3 ans, les nombreux raccourcis et l'écran LCD.",/ref/855120,"https://boulanger.comhttps://boulanger.scene7.com/is/image/Boulanger/5099206020993_h_f_l_0?wid=120&hei=120&resMode=sharp2&op_usm=1.75,0.3,2,0"
Clavier + SourisLOGITECHMK120,LOGITECH,"20,10€","FilaireTouches silencieusesAlimentation : USB -
              
            
              
              Longueur câble : 150,00 mLe + :Touches ultraplates et silencieuses, solide grâce à son design étanche, ses pattes inclinables robustes et ses touches durables.",/ref/855046,"https://boulanger.comhttps://boulanger.scene7.com/is/image/Boulanger/5099206020474_h_f_l_0?wid=120&hei=120&resMode=sharp2&op_usm=1.75,0.3,2,0"
Clavier + SourisLOGITECHMK120,LOGITECH,"20,10€","FilaireTouches silencieusesAlimentation : USB -
              
            
              
              Longueur câble : 150,00 mLe + :Touches ultraplates et silencieuses, solide grâce à son design étanche, ses pattes inclinables robustes et ses touches durables.",/ref/855046,"https://boulanger.comhttps://boulanger.scene7.com/is/image/Boulanger/5099206020474_h_f_l_0?wid=120&hei=120&resMode=sharp2&op_usm=1.75,0.3,2,0"
Clavier gamerSKILLKORPK5 MAGENTA,SKILLKORP,"39,99€","Touches : mécanique -
              
            
              
              Switch : brownRepose poignetRétroéclairage : RGBFilaire",/ref/8010809,"https://boulanger.comhttps://boulanger.scene7.com/is/image/Boulanger/3497674182410_h_f_l_0?wid=120&hei=120&resMode=sharp2&op_usm=1.75,0.3,2,0"
Clavier gamerSKILLKORPK5 MAGENTA,SKILLKORP,"39,99€","Touches : mécanique -
              
            
              
              Switch : brownRepose poignetRétroéclairage : RGBFilaire",/ref/8010809,"https://boulanger.comhttps://boulanger.scene7.com/is/image/Boulanger/3497674182410_h_f_l_0?wid=120&hei=120&resMode=sharp2&op_usm=1.75,0.3,2,0"
Clavier gamer sans filASUSROG Falchion RX Low Profile 65%,ASUS,"170,99€","Touches : optique-mécanique -
              
            
              
              Switch : redRétroéclairage : RGB2,4 GHz, BluetoothLe + :Jusqu'à 430 heures d'autonomie",/ref/1200601,"https://boulanger.comhttps://boulanger.scene7.com/is/image/Boulanger/4711387334256_h_f_l_0?wid=120&hei=120&resMode=sharp2&op_usm=1.75,0.3,2,0"
Clavier gamer sans filASUSROG Falchion RX Low Profile 65%,ASUS,"170,99€","Touches : optique-mécanique -
              
            
              
              Switch : redRétroéclairage : RGB2,4 GHz, BluetoothLe + :Jusqu'à 430 heures d'autonomie",/ref/1200601,"https://boulanger.comhttps://boulanger.scene7.com/is/image/Boulanger/4711387334256_h_f_l_0?wid=120&hei=120&resMode=sharp2&op_usm=1.75,0.3,2,0"
Clavier gamer sans filASUSROG Strix Scope II 96 Wireless,ASUS,"199,99€","Touches : mécaniqueRepose poignetRétroéclairage : RGBWifi, 2,4 GHz, BluetoothLe + :un clavier sans fil ultra réactif pour le jeu",/ref/1194034,"https://boulanger.comhttps://boulanger.scene7.com/is/image/Boulanger/4711387139967_h_f_l_0?wid=120&hei=120&resMode=sharp2&op_usm=1.75,0.3,2,0"
Clavier gamer sans filASUSROG Strix Scope II 96 Wireless,ASUS,"199,99€","Touches : mécaniqueRepose poignetRétroéclairage : RGBWifi, 2,4 GHz, BluetoothLe + :un clavier sans fil ultra réactif pour le jeu",/ref/1194034,"https://boulanger.comhttps://boulanger.scene7.com/is/image/Boulanger/4711387139967_h_f_l_0?wid=120&hei=120&resMode=sharp2&op_usm=1.75,0.3,2,0"
Clavier gamerCORSAIRK70 RGB PRO MX RED,CORSAIR,"179,99€","Touches : mécanique -
              
            
              
              Switch : redType de Switch : linéaireRétroéclairage : RGBFilaireLe + :Son niveau de performance grâce à la technologie CORSAIR AXON",/ref/1178223,"https://boulanger.comhttps://boulanger.scene7.com/is/image/Boulanger/0840006645818_h_f_l_0?wid=120&hei=120&resMode=sharp2&op_usm=1.75,0.3,2,0"
Clavier gamerCORSAIRK70 RGB PRO MX RED,CORSAIR,"179,99€","Touches : mécanique -
              
            
              
              Switch : redType de Switch : linéaireRétroéclairage : RGBFilaireLe + :Son niveau de performance grâce à la technologie CORSAIR AXON",/ref/1178223,"https://boulanger.comhttps://boulanger.scene7.com/is/image/Boulanger/0840006645818_h_f_l_0?wid=120&hei=120&resMode=sharp2&op_usm=1.75,0.3,2,0"
Clavier gamerSTEELSERIESAPEX PRO TKL 2023,STEELSERIES,"208,99€",Touches : optique-mécaniqueRepose poignetRétroéclairage : RGBFilaireLe + :Excellent confort et maximisé pour les performances en jeu,/ref/1193317,"https://boulanger.comhttps://boulanger.scene7.com/is/image/Boulanger/5707119047241_h_f_l_0?wid=120&hei=120&resMode=sharp2&op_usm=1.75,0.3,2,0"
Clavier gamerSTEELSERIESAPEX PRO TKL 2023,STEELSERIES,"208,99€",Touches : optique-mécaniqueRepose poignetRétroéclairage : RGBFilaireLe + :Excellent confort et maximisé pour les performances en jeu,/ref/1193317,"https://boulanger.comhttps://boulanger.scene7.com/is/image/Boulanger/5707119047241_h_f_l_0?wid=120&hei=120&resMode=sharp2&op_usm=1.75,0.3,2,0"
Clavier gamerCORSAIRK55 RGB Pro,CORSAIR,"54,99€",Touches : à membraneRepose poignetRétroéclairage : RGBFilaireLe + :Son repose poignet inclus,/ref/1160229,"https://boulanger.comhttps://boulanger.scene7.com/is/image/Boulanger/0840006631743_h_f_l_0?wid=120&hei=120&resMode=sharp2&op_usm=1.75,0.3,2,0"
Clavier gamerCORSAIRK55 RGB Pro,CORSAIR,"54,99€",Touches : à membraneRepose poignetRétroéclairage : RGBFilaireLe + :Son repose poignet inclus,/ref/1160229,"https://boulanger.comhttps://boulanger.scene7.com/is/image/Boulanger/0840006631743_h_f_l_0?wid=120&hei=120&resMode=sharp2&op_usm=1.75,0.3,2,0"
Clavier gamerSTEELSERIESApex PRO Mini FR,STEELSERIES,"180,99€",Touches : mécaniqueRétroéclairage : RGBFilaireLe + :Ajustez les touches du clavier pour une meilleure dextérité en jeu,/ref/1180432,"https://boulanger.comhttps://boulanger.scene7.com/is/image/Boulanger/5707119047821_h_f_l_0?wid=120&hei=120&resMode=sharp2&op_usm=1.75,0.3,2,0"
Clavier gamerSTEELSERIESApex PRO Mini FR,STEELSERIES,"180,99€",Touches : mécaniqueRétroéclairage : RGBFilaireLe + :Ajustez les touches du clavier pour une meilleure dextérité en jeu,/ref/1180432,"https://boulanger.comhttps://boulanger.scene7.com/is/image/Boulanger/5707119047821_h_f_l_0?wid=120&hei=120&resMode=sharp2&op_usm=1.75,0.3,2,0"
Clavier gamerROCCATVulcan II Linear Noir,ROCCAT,"129,99€","Touches : mécanique -
              
            
              
              Switch : redRepose poignetRétroéclairage : RGBFilaireLe + :Design, réactif et robuste avec un boitier en aluminium",/ref/1195755,"https://boulanger.comhttps://boulanger.scene7.com/is/image/Boulanger/0731855521135_h_f_l_0?wid=120&hei=120&resMode=sharp2&op_usm=1.75,0.3,2,0"
Clavier gamerROCCATVulcan II Linear Noir,ROCCAT,"129,99€","Touches : mécanique -
              
            
              
              Switch : redRepose poignetRétroéclairage : RGBFilaireLe + :Design, réactif et robuste avec un boitier en aluminium",/ref/1195755,"https://boulanger.comhttps://boulanger.scene7.com/is/image/Boulanger/0731855521135_h_f_l_0?wid=120&hei=120&resMode=sharp2&op_usm=1.75,0.3,2,0"
Clavier gamerSTEELSERIESAPEX 3 FR,STEELSERIES,"71,99€",Touches : à membraneRepose poignetRétroéclairage : RGBFilaireLe + :Résistant à l'eau et à la poussière,/ref/1143068,"https://boulanger.comhttps://boulanger.scene7.com/is/image/Boulanger/5707119038881_h_f_l_0?wid=120&hei=120&resMode=sharp2&op_usm=1.75,0.3,2,0"
Clavier gamerSTEELSERIESAPEX 3 FR,STEELSERIES,"71,99€",Touches : à membraneRepose poignetRétroéclairage : RGBFilaireLe + :Résistant à l'eau et à la poussière,/ref/1143068,"https://boulanger.comhttps://boulanger.scene7.com/is/image/Boulanger/5707119038881_h_f_l_0?wid=120&hei=120&resMode=sharp2&op_usm=1.75,0.3,2,0"
Clavier gamer sans filLOGITECHG PRO X 60 LIGHTSPEED NOIR,LOGITECH,"192,99€","Touches : mécanique -
              
            
              
              Switch : brownRétroéclairage : RGB2,4 GHz, BluetoothLe + :mécanique ultra compact TKL 60%, RVB, touches en PBT double couche, switchs tactiles GX optiques",/ref/1202904,"https://boulanger.comhttps://boulanger.scene7.com/is/image/Boulanger/5099206112810_h_f_l_0?wid=120&hei=120&resMode=sharp2&op_usm=1.75,0.3,2,0"
Clavier gamer sans filLOGITECHG PRO X 60 LIGHTSPEED NOIR,LOGITECH,"192,99€","Touches : mécanique -
              
            
              
              Switch : brownRétroéclairage : RGB2,4 GHz, BluetoothLe + :mécanique ultra compact TKL 60%, RVB, touches en PBT double couche, switchs tactiles GX optiques",/ref/1202904,"https://boulanger.comhttps://boulanger.scene7.com/is/image/Boulanger/5099206112810_h_f_l_0?wid=120&hei=120&resMode=sharp2&op_usm=1.75,0.3,2,0"
Clavier + SourisLOGITECHCombo Pebble 2,LOGITECH,"74,99€",BluetoothTouches silencieusesAlimentation : 2 piles AAA et 1 pile AALe + :Pack souris et clavier compact,/ref/1195714,"https://boulanger.comhttps://boulanger.scene7.com/is/image/Boulanger/5099206115583_h_f_l_0?wid=120&hei=120&resMode=sharp2&op_usm=1.75,0.3,2,0"
Clavier + SourisLOGITECHCombo Pebble 2,LOGITECH,"74,99€",BluetoothTouches silencieusesAlimentation : 2 piles AAA et 1 pile AALe + :Pack souris et clavier compact,/ref/1195714,"https://boulanger.comhttps://boulanger.scene7.com/is/image/Boulanger/5099206115583_h_f_l_0?wid=120&hei=120&resMode=sharp2&op_usm=1.75,0.3,2,0"
Clavier gamer sans filLOGITECHPro X LIGHTSPEED  TKL Tactile Noir,LOGITECH,"179,00€","Touches : mécanique -
              
            
              
              Switch : brownRétroéclairage : RGB2,4 GHz, BluetoothLe + :Clavier très réactif pour le jeu avec des switches tactiles GX-BROWN",/ref/1194956,"https://boulanger.comhttps://boulanger.scene7.com/is/image/Boulanger/5099206113367_h_f_l_0?wid=120&hei=120&resMode=sharp2&op_usm=1.75,0.3,2,0"
Clavier gamer sans filLOGITECHPro X LIGHTSPEED  TKL Tactile Noir,LOGITECH,"179,00€","Touches : mécanique -
              
            
              
              Switch : brownRétroéclairage : RGB2,4 GHz, BluetoothLe + :Clavier très réactif pour le jeu avec des switches tactiles GX-BROWN",/ref/1194956,"https://boulanger.comhttps://boulanger.scene7.com/is/image/Boulanger/5099206113367_h_f_l_0?wid=120&hei=120&resMode=sharp2&op_usm=1.75,0.3,2,0"
Clavier gamerLOGITECHG413SE TKL Mecanique Tactile,LOGITECH,"51,99€","Touches : mécanique -
              
            
              
              Switch : brownType de Switch : tactileRétroéclairage : RétroéclairéFilaireLe + :Des switches mécaniques tactiles à la mémorisation de 6 frappes de touche avec anti-ghosting",/ref/1179560,"https://boulanger.comhttps://boulanger.scene7.com/is/image/Boulanger/5099206097957_h_f_l_0?wid=120&hei=120&resMode=sharp2&op_usm=1.75,0.3,2,0"
Clavier gamerLOGITECHG413SE TKL Mecanique Tactile,LOGITECH,"51,99€","Touches : mécanique -
              
            
              
              Switch : brownType de Switch : tactileRétroéclairage : RétroéclairéFilaireLe + :Des switches mécaniques tactiles à la mémorisation de 6 frappes de touche avec anti-ghosting",/ref/1179560,"https://boulanger.comhttps://boulanger.scene7.com/is/image/Boulanger/5099206097957_h_f_l_0?wid=120&hei=120&resMode=sharp2&op_usm=1.75,0.3,2,0"
Clavier gamer sans filSTEELSERIESAPEX PRO MINI WIRELESS FR,STEELSERIES,"209,99€","Touches : optique-mécaniqueRétroéclairage : RGB2,4 GHz, BluetoothLe + :Nouveaux switches OmniPoint 2.0 pour une activation de touche sans contact instantanée",/ref/1188348,"https://boulanger.comhttps://boulanger.scene7.com/is/image/Boulanger/5707119047944_h_f_l_0?wid=120&hei=120&resMode=sharp2&op_usm=1.75,0.3,2,0"
Clavier gamer sans filSTEELSERIESAPEX PRO MINI WIRELESS FR,STEELSERIES,"209,99€","Touches : optique-mécaniqueRétroéclairage : RGB2,4 GHz, BluetoothLe + :Nouveaux switches OmniPoint 2.0 pour une activation de touche sans contact instantanée",/ref/1188348,"https://boulanger.comhttps://boulanger.scene7.com/is/image/Boulanger/5707119047944_h_f_l_0?wid=120&hei=120&resMode=sharp2&op_usm=1.75,0.3,2,0"
Clavier gamerSTEELSERIESApex PRO,STEELSERIES,"219,99€","Touches : mécaniqueType de Switch : tactile -
              
            
              
              Repose poignetRétroéclairage : RGBFilaireLe + :Régler chaque touche individuellement en fonction de votre niveau de sensibilité préféré",/ref/1148199,"https://boulanger.comhttps://boulanger.scene7.com/is/image/Boulanger/5707119038669_h_f_l_0?wid=120&hei=120&resMode=sharp2&op_usm=1.75,0.3,2,0"
Clavier gamerSTEELSERIESApex PRO,STEELSERIES,"219,99€","Touches : mécaniqueType de Switch : tactile -
              
            
              
              Repose poignetRétroéclairage : RGBFilaireLe + :Régler chaque touche individuellement en fonction de votre niveau de sensibilité préféré",/ref/1148199,"https://boulanger.comhttps://boulanger.scene7.com/is/image/Boulanger/5707119038669_h_f_l_0?wid=120&hei=120&resMode=sharp2&op_usm=1.75,0.3,2,0"
Clavier + SourisLOGITECHMK470 Graphite,LOGITECH,"54,99€","Sans fil (Dongle USB)Touches silencieusesAlimentation : 2 piles AAA et 1 pile AA -
              
            
              
              Rétroéclairé : RGB non intégréLe + :Minimaliste, moderne, compact",/ref/1136107,"https://boulanger.comhttps://boulanger.scene7.com/is/image/Boulanger/5099206086463_h_f_l_0?wid=120&hei=120&resMode=sharp2&op_usm=1.75,0.3,2,0"
Clavier + SourisLOGITECHMK470 Graphite,LOGITECH,"54,99€","Sans fil (Dongle USB)Touches silencieusesAlimentation : 2 piles AAA et 1 pile AA -
              
            
              
              Rétroéclairé : RGB non intégréLe + :Minimaliste, moderne, compact",/ref/1136107,"https://boulanger.comhttps://boulanger.scene7.com/is/image/Boulanger/5099206086463_h_f_l_0?wid=120&hei=120&resMode=sharp2&op_usm=1.75,0.3,2,0"
Clavier sans filAPPLEMagic Keyboard Touches Noires,APPLE,"196,99€","Sans filTouches silencieusesAlimentation : Rechargeable -
              
            
              
              Rétroéclairé : RGB non intégréLe + :Touch ID pour sécuriser vos données",/ref/1176467,"https://boulanger.comhttps://boulanger.scene7.com/is/image/Boulanger/0194252987063_h_f_l_0?wid=120&hei=120&resMode=sharp2&op_usm=1.75,0.3,2,0"
Clavier sans filAPPLEMagic Keyboard Touches Noires,APPLE,"196,99€","Sans filTouches silencieusesAlimentation : Rechargeable -
              
            
              
              Rétroéclairé : RGB non intégréLe + :Touch ID pour sécuriser vos données",/ref/1176467,"https://boulanger.comhttps://boulanger.scene7.com/is/image/Boulanger/0194252987063_h_f_l_0?wid=120&hei=120&resMode=sharp2&op_usm=1.75,0.3,2,0"
Clavier gamer sans filCORSAIRK100 AIR Wireless,CORSAIR,"239,99€","Touches : mécaniqueRétroéclairage : RGB2,4 GHz, BluetoothLe + :Son design solide et raffiné tout en étant léger",/ref/1190770,"https://boulanger.comhttps://boulanger.scene7.com/is/image/Boulanger/0840006655145_h_f_l_0?wid=120&hei=120&resMode=sharp2&op_usm=1.75,0.3,2,0"
Clavier gamer sans filCORSAIRK100 AIR Wireless,CORSAIR,"239,99€","Touches : mécaniqueRétroéclairage : RGB2,4 GHz, BluetoothLe + :Son design solide et raffiné tout en étant léger",/ref/1190770,"https://boulanger.comhttps://boulanger.scene7.com/is/image/Boulanger/0840006655145_h_f_l_0?wid=120&hei=120&resMode=sharp2&op_usm=1.75,0.3,2,0"
Clavier gamer sans filASUSClavier Asus Rog Azoth,ASUS,"229,00€","Touches : mécaniqueRétroéclairage : RGBWifi, 2,4 GHz, BluetoothLe + :Mini écran OLED intuitif intégré",/ref/1188640,"https://boulanger.comhttps://boulanger.scene7.com/is/image/Boulanger/4711081875246_h_f_l_0?wid=120&hei=120&resMode=sharp2&op_usm=1.75,0.3,2,0"
Clavier gamer sans filASUSClavier Asus Rog Azoth,ASUS,"229,00€","Touches : mécaniqueRétroéclairage : RGBWifi, 2,4 GHz, BluetoothLe + :Mini écran OLED intuitif intégré",/ref/1188640,"https://boulanger.comhttps://boulanger.scene7.com/is/image/Boulanger/4711081875246_h_f_l_0?wid=120&hei=120&resMode=sharp2&op_usm=1.75,0.3,2,0"
Clavier + SourisLOGITECHMK950 Signature Slim Bluetooth Blanc,LOGITECH,"119,00€",BluetoothTouches silencieusesAlimentation : 2 piles AAA et 1 pile AA,/ref/1203424,"https://boulanger.comhttps://boulanger.scene7.com/is/image/Boulanger/5099206120310_h_f_l_0?wid=120&hei=120&resMode=sharp2&op_usm=1.75,0.3,2,0"
Clavier + SourisLOGITECHMK950 Signature Slim Bluetooth Blanc,LOGITECH,"119,00€",BluetoothTouches silencieusesAlimentation : 2 piles AAA et 1 pile AA,/ref/1203424,"https://boulanger.comhttps://boulanger.scene7.com/is/image/Boulanger/5099206120310_h_f_l_0?wid=120&hei=120&resMode=sharp2&op_usm=1.75,0.3,2,0"
PackMICROSOFTClavier + Stylet Surface Pro noir,MICROSOFT,"279,99€","ConnecteurTouches silencieusesAlimentation : Non communiqué -
              
            
              
              RétroéclairéLe + :Compatible Stylet Surface Pen, ultra fines et légères, repensées afin d'être plus résistantes",/ref/1171422,"https://boulanger.comhttps://boulanger.scene7.com/is/image/Boulanger/0889842772531_h_f_l_0?wid=120&hei=120&resMode=sharp2&op_usm=1.75,0.3,2,0"
PackMICROSOFTClavier + Stylet Surface Pro noir,MICROSOFT,"279,99€","ConnecteurTouches silencieusesAlimentation : Non communiqué -
              
            
              
              RétroéclairéLe + :Compatible Stylet Surface Pen, ultra fines et légères, repensées afin d'être plus résistantes",/ref/1171422,"https://boulanger.comhttps://boulanger.scene7.com/is/image/Boulanger/0889842772531_h_f_l_0?wid=120&hei=120&resMode=sharp2&op_usm=1.75,0.3,2,0"
Clavier sans filLOGITECHWave Keys ergonomique +  repose poignets,LOGITECH,"79,99€",BluetoothSupport poignetAlimentation : 2 Piles AAALe + :Un clavier ergonomique avec repose poignet,/ref/1197624,"https://boulanger.comhttps://boulanger.scene7.com/is/image/Boulanger/5099206117280_h_f_l_0?wid=120&hei=120&resMode=sharp2&op_usm=1.75,0.3,2,0"
Clavier sans filLOGITECHWave Keys ergonomique +  repose poignets,LOGITECH,"79,99€",BluetoothSupport poignetAlimentation : 2 Piles AAALe + :Un clavier ergonomique avec repose poignet,/ref/1197624,"https://boulanger.comhttps://boulanger.scene7.com/is/image/Boulanger/5099206117280_h_f_l_0?wid=120&hei=120&resMode=sharp2&op_usm=1.75,0.3,2,0"
Clavier sans filAPPLEMagic Keyboard,APPLE,"104,99€","Sans filTouches silencieusesAlimentation : Rechargeable -
              
            
              
              Rétroéclairé : RGB non intégréLe + :Connexion automatique à votre Mac !",/ref/1169268,"https://boulanger.comhttps://boulanger.scene7.com/is/image/Boulanger/0194252543405_h_f_l_0?wid=120&hei=120&resMode=sharp2&op_usm=1.75,0.3,2,0"
Clavier sans filAPPLEMagic Keyboard,APPLE,"104,99€","Sans filTouches silencieusesAlimentation : Rechargeable -
              
            
              
              Rétroéclairé : RGB non intégréLe + :Connexion automatique à votre Mac !",/ref/1169268,"https://boulanger.comhttps://boulanger.scene7.com/is/image/Boulanger/0194252543405_h_f_l_0?wid=120&hei=120&resMode=sharp2&op_usm=1.75,0.3,2,0"
Clavier gamerSKILLKORPK15 BLANC,SKILLKORP,"59,99€","Touches : mécanique -
              
            
              
              Switch : brownRepose poignetRétroéclairage : RGBFilaire",/ref/8010772,"https://boulanger.comhttps://boulanger.scene7.com/is/image/Boulanger/3497674182052_h_f_l_0?wid=120&hei=120&resMode=sharp2&op_usm=1.75,0.3,2,0"
Clavier gamerSKILLKORPK15 BLANC,SKILLKORP,"59,99€","Touches : mécanique -
              
            
              
              Switch : brownRepose poignetRétroéclairage : RGBFilaire",/ref/8010772,"https://boulanger.comhttps://boulanger.scene7.com/is/image/Boulanger/3497674182052_h_f_l_0?wid=120&hei=120&resMode=sharp2&op_usm=1.75,0.3,2,0"
Pavé numériqueESSENTIELBNK-10-SF,ESSENTIELB,"19,99€","BluetoothTouches silencieusesAlimentation : 1 Pile AAA -
              
            
              
              Rétroéclairé : RGB non intégréLe + :Design extra plat, facile à transporter",/ref/8008196,"https://boulanger.comhttps://boulanger.scene7.com/is/image/Boulanger/3497674157081_h_f_l_0?wid=120&hei=120&resMode=sharp2&op_usm=1.75,0.3,2,0"
Pavé numériqueESSENTIELBNK-10-SF,ESSENTIELB,"19,99€","BluetoothTouches silencieusesAlimentation : 1 Pile AAA -
              
            
              
              Rétroéclairé : RGB non intégréLe + :Design extra plat, facile à transporter",/ref/8008196,"https://boulanger.comhttps://boulanger.scene7.com/is/image/Boulanger/3497674157081_h_f_l_0?wid=120&hei=120&resMode=sharp2&op_usm=1.75,0.3,2,0"
Clavier + SourisLOGITECHPebble 2 pour Mac M350s+K380s Graphite,LOGITECH,"65,21€",BluetoothTouches silencieusesAlimentation : 2 piles AAA et 1 pile AALe + :Pack souris et clavier compact,/ref/1195715,"https://boulanger.comhttps://boulanger.scene7.com/is/image/Boulanger/5099206117037_h_f_l_0?wid=120&hei=120&resMode=sharp2&op_usm=1.75,0.3,2,0"
Clavier + SourisLOGITECHPebble 2 pour Mac M350s+K380s Graphite,LOGITECH,"65,21€",BluetoothTouches silencieusesAlimentation : 2 piles AAA et 1 pile AALe + :Pack souris et clavier compact,/ref/1195715,"https://boulanger.comhttps://boulanger.scene7.com/is/image/Boulanger/5099206117037_h_f_l_0?wid=120&hei=120&resMode=sharp2&op_usm=1.75,0.3,2,0"
Clavier gamerRAZERHuntsman V2 (Red Switch) - French Layout,RAZER,"195,99€","Touches : mécanique -
              
            
              
              Switch : redType de Switch : optiqueRétroéclairage : RGBFilaireLe + :Un polling rate réel de 8 000 Hz avec la réponse quasi instantanée des switches optiques Razer",/ref/1180828,"https://boulanger.comhttps://boulanger.scene7.com/is/image/Boulanger/8886419348610_h_f_l_0?wid=120&hei=120&resMode=sharp2&op_usm=1.75,0.3,2,0"
Clavier gamerRAZERHuntsman V2 (Red Switch) - French Layout,RAZER,"195,99€","Touches : mécanique -
              
            
              
              Switch : redType de Switch : optiqueRétroéclairage : RGBFilaireLe + :Un polling rate réel de 8 000 Hz avec la réponse quasi instantanée des switches optiques Razer",/ref/1180828,"https://boulanger.comhttps://boulanger.scene7.com/is/image/Boulanger/8886419348610_h_f_l_0?wid=120&hei=120&resMode=sharp2&op_usm=1.75,0.3,2,0"
Clavier sans filLOGITECHSignature Slim K950 Bluetooth - Graphite,LOGITECH,"89,99€",BluetoothTouches silencieusesAlimentation : 2 Piles AAA,/ref/1203422,"https://boulanger.comhttps://boulanger.scene7.com/is/image/Boulanger/5099206118812_h_f_l_0?wid=120&hei=120&resMode=sharp2&op_usm=1.75,0.3,2,0"
Clavier sans filLOGITECHSignature Slim K950 Bluetooth - Graphite,LOGITECH,"89,99€",BluetoothTouches silencieusesAlimentation : 2 Piles AAA,/ref/1203422,"https://boulanger.comhttps://boulanger.scene7.com/is/image/Boulanger/5099206118812_h_f_l_0?wid=120&hei=120&resMode=sharp2&op_usm=1.75,0.3,2,0"
Clavier gamerRAZERORNATA V3 X,RAZER,"44,99€","Touches : mécanique -
              
            
              
              Switch : greenRétroéclairage : RétroéclairéFilaireLe + :Ses frappes rapides et silencieuses",/ref/1182053,"https://boulanger.comhttps://boulanger.scene7.com/is/image/Boulanger/8886419348863_h_f_l_0?wid=120&hei=120&resMode=sharp2&op_usm=1.75,0.3,2,0"
Clavier gamerRAZERORNATA V3 X,RAZER,"44,99€","Touches : mécanique -
              
            
              
              Switch : greenRétroéclairage : RétroéclairéFilaireLe + :Ses frappes rapides et silencieuses",/ref/1182053,"https://boulanger.comhttps://boulanger.scene7.com/is/image/Boulanger/8886419348863_h_f_l_0?wid=120&hei=120&resMode=sharp2&op_usm=1.75,0.3,2,0"
Clavier gamerCORSAIRK70 Core Gris,CORSAIR,"89,99€","Touches : mécanique -
              
            
              
              Switch : redRétroéclairage : RétroéclairéFilaireLe + :un contrôle média aisé et des switches de touches linéaires CORSAIR MLX Red.",/ref/1199771,"https://boulanger.comhttps://boulanger.scene7.com/is/image/Boulanger/0840006667254_h_f_l_0?wid=120&hei=120&resMode=sharp2&op_usm=1.75,0.3,2,0"
Clavier gamerCORSAIRK70 Core Gris,CORSAIR,"89,99€","Touches : mécanique -
              
            
              
              Switch : redRétroéclairage : RétroéclairéFilaireLe + :un contrôle média aisé et des switches de touches linéaires CORSAIR MLX Red.",/ref/1199771,"https://boulanger.comhttps://boulanger.scene7.com/is/image/Boulanger/0840006667254_h_f_l_0?wid=120&hei=120&resMode=sharp2&op_usm=1.75,0.3,2,0"
Clavier sans filLOGITECHSignature Slim K950 Bluetooth Blanc,LOGITECH,"89,99€",BluetoothTouches silencieusesAlimentation : 2 Piles AAA,/ref/1203421,"https://boulanger.comhttps://boulanger.scene7.com/is/image/Boulanger/5099206118829_h_f_l_0?wid=120&hei=120&resMode=sharp2&op_usm=1.75,0.3,2,0"
Clavier sans filLOGITECHSignature Slim K950 Bluetooth Blanc,LOGITECH,"89,99€",BluetoothTouches silencieusesAlimentation : 2 Piles AAA,/ref/1203421,"https://boulanger.comhttps://boulanger.scene7.com/is/image/Boulanger/5099206118829_h_f_l_0?wid=120&hei=120&resMode=sharp2&op_usm=1.75,0.3,2,0"
ClavierMICROSOFTSignature - Forest,MICROSOFT,"115,45€","ConnecteurTouches silencieusesAlimentation : Non communiqué -
              
            
              
              RétroéclairéLe + :Cover, clavier et rangement pour le stylet intégré",/ref/1188690,"https://boulanger.comhttps://boulanger.scene7.com/is/image/Boulanger/0196388082971_h_f_l_0?wid=120&hei=120&resMode=sharp2&op_usm=1.75,0.3,2,0"
ClavierMICROSOFTSignature - Forest,MICROSOFT,"115,45€","ConnecteurTouches silencieusesAlimentation : Non communiqué -
              
            
              
              RétroéclairéLe + :Cover, clavier et rangement pour le stylet intégré",/ref/1188690,"https://boulanger.comhttps://boulanger.scene7.com/is/image/Boulanger/0196388082971_h_f_l_0?wid=120&hei=120&resMode=sharp2&op_usm=1.75,0.3,2,0"
Clavier sans filAPPLEMagic Keyboard Touch ID et pavé numériqu,APPLE,"183,00€","Sans filTouches silencieusesAlimentation : Rechargeable -
              
            
              
              Rétroéclairé : RGB non intégréLe + :Touche ID intégré !",/ref/1169270,"https://boulanger.comhttps://boulanger.scene7.com/is/image/Boulanger/0194252544075_h_f_l_0?wid=120&hei=120&resMode=sharp2&op_usm=1.75,0.3,2,0"
Clavier sans filAPPLEMagic Keyboard Touch ID et pavé numériqu,APPLE,"183,00€","Sans filTouches silencieusesAlimentation : Rechargeable -
              
            
              
              Rétroéclairé : RGB non intégréLe + :Touche ID intégré !",/ref/1169270,"https://boulanger.comhttps://boulanger.scene7.com/is/image/Boulanger/0194252544075_h_f_l_0?wid=120&hei=120&resMode=sharp2&op_usm=1.75,0.3,2,0"
Clavier + SourisESSENTIELBKM-10-SF,ESSENTIELB,"29,99€","Sans fil (Dongle USB)Touches silencieusesAlimentation : 3 piles AA -
              
            
              
              Rétroéclairé : RGB non intégréLe + :sa touche ON/OFF pour mieux économiser ses batteries.",/ref/8008466,"https://boulanger.comhttps://boulanger.scene7.com/is/image/Boulanger/3497674159719_h_f_l_0?wid=120&hei=120&resMode=sharp2&op_usm=1.75,0.3,2,0"
Clavier + SourisESSENTIELBKM-10-SF,ESSENTIELB,"29,99€","Sans fil (Dongle USB)Touches silencieusesAlimentation : 3 piles AA -
              
            
              
              Rétroéclairé : RGB non intégréLe + :sa touche ON/OFF pour mieux économiser ses batteries.",/ref/8008466,"https://boulanger.comhttps://boulanger.scene7.com/is/image/Boulanger/3497674159719_h_f_l_0?wid=120&hei=120&resMode=sharp2&op_usm=1.75,0.3,2,0"
Clavier + SourisLOGITECHMK330,LOGITECH,"49,99€","Sans fil (Dongle USB)Touches silencieusesAlimentation : 2 Piles AA -
              
            
              
              Rétroéclairé : RGB non intégréLe + :Les 4 touches reprogrammables et l'autonomie longue durée.",/ref/137017,"https://boulanger.comhttps://boulanger.scene7.com/is/image/Boulanger/5099206033498_h_f_l_0?wid=120&hei=120&resMode=sharp2&op_usm=1.75,0.3,2,0"
Clavier + SourisLOGITECHMK330,LOGITECH,"49,99€","Sans fil (Dongle USB)Touches silencieusesAlimentation : 2 Piles AA -
              
            
              
              Rétroéclairé : RGB non intégréLe + :Les 4 touches reprogrammables et l'autonomie longue durée.",/ref/137017,"https://boulanger.comhttps://boulanger.scene7.com/is/image/Boulanger/5099206033498_h_f_l_0?wid=120&hei=120&resMode=sharp2&op_usm=1.75,0.3,2,0"
Clavier + SourisESSENTIELBBacklight,ESSENTIELB,"49,99€","Sans fil (Dongle USB)Touches silencieusesAlimentation : USB -
              
            
              
              Rétroéclairé",/ref/8010838,"https://boulanger.comhttps://boulanger.scene7.com/is/image/Boulanger/3497674182694_h_f_l_0?wid=120&hei=120&resMode=sharp2&op_usm=1.75,0.3,2,0"
Clavier + SourisESSENTIELBBacklight,ESSENTIELB,"49,99€","Sans fil (Dongle USB)Touches silencieusesAlimentation : USB -
              
            
              
              Rétroéclairé",/ref/8010838,"https://boulanger.comhttps://boulanger.scene7.com/is/image/Boulanger/3497674182694_h_f_l_0?wid=120&hei=120&resMode=sharp2&op_usm=1.75,0.3,2,0"
Clavier sans filAPPLEMagic Keyboard avec pavé reconditionné Reconditionné,APPLE,"119,90€",Sans filTouches silencieusesAlimentation : RechargeableLe + :Un clavier design et sans fils avec pavé numérique,/ref/1192641,"https://boulanger.comhttps://boulanger.scene7.com/is/image/Boulanger/3700892078855_h_f_l_0?wid=120&hei=120&resMode=sharp2&op_usm=1.75,0.3,2,0"
Clavier sans filAPPLEMagic Keyboard avec pavé reconditionné Reconditionné,APPLE,"119,90€",Sans filTouches silencieusesAlimentation : RechargeableLe + :Un clavier design et sans fils avec pavé numérique,/ref/1192641,"https://boulanger.comhttps://boulanger.scene7.com/is/image/Boulanger/3700892078855_h_f_l_0?wid=120&hei=120&resMode=sharp2&op_usm=1.75,0.3,2,0"
