Nom;Marque;Prix;Description;Url;Url_image
EcouteursJABRAElite 10 Titanium Noir;JABRA;199,99;"Autonomie totale : jusqu'à 27hIntra -auriculaireRéduction de bruit -
              
            
              
              Kit mains libresRésistance : Pluie, eau -
              
            
              
              Contrôlez les appels et la musiqueLe + :un confort optimal avec la technologie Jabra ComfortFit qui limite la pression intra-auriculaire";https://boulanger.com/ref/1194529;https://boulanger.scene7.com/is/image/Boulanger/5707055060489_h_f_l_0?wid=120&hei=120&resMode=sharp2&op_usm=1.75,0.3,2,0
Ecouteurs sportJABRAElite 4 Active Noir;JABRA;79,99;"Autonomie totale : jusqu'à 28hIntra -auriculaireRéduction de bruit -
              
            
              
              Kit mains libresRésistance : Pluie, eau -
              
            
              
              Contrôlez les appels et la musiqueLe + :Application Jabra Sound+ avec une personnalisation de l'égaliseur, de la réduction de bruit et du mode bruit ambiant";https://boulanger.com/ref/1173573;https://boulanger.scene7.com/is/image/Boulanger/5707055055089_h_f_l_0?wid=120&hei=120&resMode=sharp2&op_usm=1.75,0.3,2,0
EcouteursJBLLive Flex Noir;JBL;149,99;"Autonomie totale : jusqu'à 40hSemi intra-auriculaireRéduction de bruit -
              
            
              
              Kit mains libresRésistance : Pluie, eau -
              
            
              
              Contrôlez les appels et la musiqueLe + :audio spatial sur Android et iOS pour vous plongez dans votre musique";https://boulanger.com/ref/1189230;https://boulanger.scene7.com/is/image/Boulanger/6925281960819_h_f_l_0?wid=120&hei=120&resMode=sharp2&op_usm=1.75,0.3,2,0
EcouteursAPPLEAirpods Pro 1 Blanc Reconditionné;APPLE;149,99;"Autonomie totale : jusqu'à 24hIntra -auriculaireRéduction de bruit -
              
            
              
              Kit mains libresRésistance : Pluie, eau -
              
            
              
              Contrôlez les appels et la musiqueLe + :Suivi dynamique des mouvements de la tête (Audio spatial personnalisé)";https://boulanger.com/ref/1202102;https://boulanger.scene7.com/is/image/Boulanger/3662515039196_h_f_l_0?wid=120&hei=120&resMode=sharp2&op_usm=1.75,0.3,2,0
EcouteursAPPLEAirpods 2 Blanc Reconditionné;APPLE;99,99;Autonomie totale : jusqu'à 24hIntra -auriculaireKit mains libresContrôlez les appels et la musiqueLe + :Le son se déclenche automatiquement dès qu'on les place à l'oreille.;https://boulanger.com/ref/1201914;https://boulanger.scene7.com/is/image/Boulanger/3662515038595_h_f_l_0?wid=120&hei=120&resMode=sharp2&op_usm=1.75,0.3,2,0
EcouteursBOSEQC Ultra Earbuds Noir;BOSE;279,99;"Autonomie totale : jusqu'à 6hIntra -auriculaireRéduction de bruit -
              
            
              
              Kit mains libresRésistance : Pluie, eau -
              
            
              
              Contrôlez les appels et la musiqueLe + :technologie Bose Spatial audio pour une immersion inédite dans votre musique et vos contenus";https://boulanger.com/ref/1195445;https://boulanger.scene7.com/is/image/Boulanger/0017817847681_h_f_l_0?wid=120&hei=120&resMode=sharp2&op_usm=1.75,0.3,2,0
EcouteursSAMSUNGGalaxy Buds2 Pro Anthracite;SAMSUNG;199,99;"Autonomie totale : jusqu'à 29hIntra -auriculaireRéduction de bruit -
              
            
              
              Kit mains libresRésistance : Pluie, eau -
              
            
              
              Contrôlez les appels et la musiqueLe + :un son hifi immersif avec double haut-parleurs et réduction de bruit";https://boulanger.com/ref/1182414;https://boulanger.scene7.com/is/image/Boulanger/8806094512540_h_f_l_0?wid=120&hei=120&resMode=sharp2&op_usm=1.75,0.3,2,0
EcouteursSONYWF-1000XM5 Noir;SONY;279,99;"Autonomie totale : jusqu'à 36hIntra -auriculaireRéduction de bruit -
              
            
              
              Kit mains libresRésistance : Pluie, eau -
              
            
              
              Contrôlez les appels et la musiqueLe + :la meilleure réduction de bruit jamais proposée chez Sony";https://boulanger.com/ref/1192702;https://boulanger.scene7.com/is/image/Boulanger/4548736143487_h_f_l_0?wid=120&hei=120&resMode=sharp2&op_usm=1.75,0.3,2,0
EcouteursSAMSUNGGalaxy Buds2 Noir;SAMSUNG;149,99;"Autonomie totale : jusqu'à 29hIntra -auriculaireRéduction de bruit -
              
            
              
              Kit mains libresRésistance : Pluie -
              
            
              
              Contrôlez les appels et la musiqueLe + :Son immersif signé AKG avec 2 haut-parleurs";https://boulanger.com/ref/1167200;https://boulanger.scene7.com/is/image/Boulanger/8806092607200_h_f_l_0?wid=120&hei=120&resMode=sharp2&op_usm=1.75,0.3,2,0
EcouteursBOSEOpen Earbuds Ultra noir;BOSE;349,99;"Autonomie totale : jusqu'à 27hconduction aérienneKit mains libresRésistance : Pluie, eau -
              
            
              
              Contrôlez les appels et la musiqueLe + :Conçus pour rester à l’écoute de votre environnement. Un port confortable sans risque de chute.";https://boulanger.com/ref/1200773;https://boulanger.scene7.com/is/image/Boulanger/0017817846929_h_f_l_0?wid=120&hei=120&resMode=sharp2&op_usm=1.75,0.3,2,0
EcouteursAPPLEAirPods Pro 2 MagSafe USB-C;APPLE;245;"Autonomie totale : jusqu'à 30hIntra -auriculaireRéduction de bruit -
              
            
              
              Kit mains libresRésistance : Pluie, eau -
              
            
              
              Contrôlez les appels et la musiqueLe + :Le mode Transparence pour percevoir l'environnement autour de soi et boitier Magsafe en Usb C.";https://boulanger.com/ref/1196927;https://boulanger.scene7.com/is/image/Boulanger/0195949052637_h_f_l_0?wid=120&hei=120&resMode=sharp2&op_usm=1.75,0.3,2,0
EcouteursJBLTune Beam Noir;JBL;79,99;"Autonomie totale : jusqu'à 48hIntra -auriculaireRéduction de bruit -
              
            
              
              Kit mains libresRésistance : Pluie, eau -
              
            
              
              Contrôlez les appels et la musiqueLe + :Ajustement parfait et confort tout au long de la journée";https://boulanger.com/ref/1192977;https://boulanger.scene7.com/is/image/Boulanger/6925281969775_h_f_l_0?wid=120&hei=120&resMode=sharp2&op_usm=1.75,0.3,2,0
EcouteursJBLWave Flex Noir;JBL;49;"Autonomie totale : Jusqu'à 32hSemi intra-auriculaireKit mains libresRésistance : Pluie, eau -
              
            
              
              Contrôlez les appels et la musiqueLe + :La conception boutons sur tige vous permet de profiter pleinement du son sans obstruer votre oreille";https://boulanger.com/ref/1187723;https://boulanger.scene7.com/is/image/Boulanger/6925281953484_h_f_l_0?wid=120&hei=120&resMode=sharp2&op_usm=1.75,0.3,2,0
CasqueSHOKZOpenMove Gris;SHOKZ;89,95;Autonomie totale : jusqu'à 6hConduction osseuseContrôlez les appels et la musiqueLe + :Ces écouteurs permettent d'entendre en même temps le bruit de la circulation et votre musique !;https://boulanger.com/ref/1151599;https://boulanger.scene7.com/is/image/Boulanger/0850033806298_h_f_l_0?wid=120&hei=120&resMode=sharp2&op_usm=1.75,0.3,2,0
Ecouteurs sportJBLEndurance Peak 3 Noir;JBL;89,99;Autonomie totale : jusqu'à 50hIntra -auriculaireKit mains libresRésistance : Pluie, eauLe + :résistants à la transpiration et étanche, ils résisteront à vos entrainements les plus difficiles;https://boulanger.com/ref/1184761;https://boulanger.scene7.com/is/image/Boulanger/6925281932335_h_f_l_0?wid=120&hei=120&resMode=sharp2&op_usm=1.75,0.3,2,0
EcouteursOGLOMuz TWS Pro ANC;OGLO;39,99;"Autonomie totale : jusqu'à 18hIntra -auriculaireRéduction de bruit -
              
            
              
              Kit mains libresRésistance : Pluie, eau -
              
            
              
              Contrôlez les appels et la musiqueLe + :qualité d'écoute optimale avec une adaptation parfaite au conduit auditif";https://boulanger.com/ref/8009738;https://boulanger.scene7.com/is/image/Boulanger/3497674171957_h_f_l_0?wid=120&hei=120&resMode=sharp2&op_usm=1.75,0.3,2,0
EcouteursSHOKZOpenFit Noir;SHOKZ;169;"Autonomie totale : jusqu'à 28hconduction aérienneRéduction de bruit -
              
            
              
              Kit mains libresRésistance : Pluie, eau -
              
            
              
              Contrôlez les appels et la musiqueLe + :Connectez vous en Bluetooth 5.2  et offrez vous une portée 
de 10m pour une connexion immédiate.";https://boulanger.com/ref/1191848;https://boulanger.scene7.com/is/image/Boulanger/0810092675747_h_f_l_0?wid=120&hei=120&resMode=sharp2&op_usm=1.75,0.3,2,0
EcouteursJBLTune Flex Noir;JBL;69;"Autonomie totale : Jusqu'à 32hBoutonRéduction de bruit -
              
            
              
              Kit mains libresRésistance : Pluie, eauLe + :Les sons et fonctions des écouteurs sont personnalisables via l'application My JBL Headphones";https://boulanger.com/ref/1182585;https://boulanger.scene7.com/is/image/Boulanger/6925281929298_h_f_l_0?wid=120&hei=120&resMode=sharp2&op_usm=1.75,0.3,2,0
EcouteursJBLTune Beam Bleu;JBL;79,99;"Autonomie totale : jusqu'à 48hIntra -auriculaireRéduction de bruit -
              
            
              
              Kit mains libresRésistance : Pluie, eau -
              
            
              
              Contrôlez les appels et la musiqueLe + :Ajustement parfait et confort tout au long de la journée";https://boulanger.com/ref/1192979;https://boulanger.scene7.com/is/image/Boulanger/6925281971051_h_f_l_0?wid=120&hei=120&resMode=sharp2&op_usm=1.75,0.3,2,0
EcouteursDEVIALETGemini II Matte Black;DEVIALET;399;"Autonomie totale : jusqu'à 22hIntra -auriculaireRéduction de bruit -
              
            
              
              Kit mains libresRésistance : Pluie, eau -
              
            
              
              Contrôlez les appels et la musiqueLe + :La Réduction de Bruit Adaptative Devialet vous transporte dans une bulle d'harmonie.";https://boulanger.com/ref/1196255;https://boulanger.scene7.com/is/image/Boulanger/3663424016070_h_f_l_0?wid=120&hei=120&resMode=sharp2&op_usm=1.75,0.3,2,0
EcouteursJBLSoundgear Sense Noir;JBL;139,99;"Autonomie totale : jusqu'à 24hconduction aérienneKit mains libresRésistance : Pluie, eau -
              
            
              
              Contrôlez les appels et la musiqueLe + :vous apprécierez votre son et vos appels, tout en restant connecté à votre environnement";https://boulanger.com/ref/1195217;https://boulanger.scene7.com/is/image/Boulanger/1200130003882_h_f_l_0?wid=120&hei=120&resMode=sharp2&op_usm=1.75,0.3,2,0
EcouteursMARSHALLMotif II ANC;MARSHALL;199;"Autonomie totale : jusqu'à 30hIntra -auriculaireRéduction de bruit -
              
            
              
              Kit mains libresRésistance : Pluie, eau -
              
            
              
              Contrôlez les appels et la musiqueLe + :profitez jusqu'à 30h d'autonomie grâce à son étui de charge !";https://boulanger.com/ref/1195103;https://boulanger.scene7.com/is/image/Boulanger/7340055394840_h_f_l_0?wid=120&hei=120&resMode=sharp2&op_usm=1.75,0.3,2,0
Ecouteurs sportJBLEndurance Race Noir;JBL;79,99;"Autonomie totale : jusqu'à 30hIntra -auriculaireRéduction de bruit -
              
            
              
              Kit mains libresRésistance : Pluie, eau -
              
            
              
              Contrôlez les appels et la musiqueLe + :TechnologieTwistlock pour soulager l'inconfort du point de pression, vous offrant une meilleure
étanchéité et stabilité";https://boulanger.com/ref/1169195;https://boulanger.scene7.com/is/image/Boulanger/6925281993343_h_f_l_0?wid=120&hei=120&resMode=sharp2&op_usm=1.75,0.3,2,0
EcouteursSONYWF-1000XM5 Argent;SONY;279,99;"Autonomie totale : jusqu'à 36hIntra -auriculaireRéduction de bruit -
              
            
              
              Kit mains libresRésistance : Pluie, eau -
              
            
              
              Contrôlez les appels et la musiqueLe + :La meilleure réduction de bruit jamais proposée chez Sony";https://boulanger.com/ref/1192706;https://boulanger.scene7.com/is/image/Boulanger/4548736143548_h_f_l_0?wid=120&hei=120&resMode=sharp2&op_usm=1.75,0.3,2,0
Ecouteurs sportJABRAElite 8 Active Noir + socle de charge;JABRA;169,99;"Autonomie totale : Jusqu'à 32hIntra -auriculaireRéduction de bruit -
              
            
              
              Kit mains libresRésistance : Pluie, eau -
              
            
              
              Contrôlez les appels et la musiqueLe + :socle de charge à induction offert !";https://boulanger.com/ref/1195983;https://boulanger.scene7.com/is/image/Boulanger/3760069955983_h_f_l_0?wid=120&hei=120&resMode=sharp2&op_usm=1.75,0.3,2,0
CasqueSHOKZOpenRun Rouge;SHOKZ;109,99;Autonomie totale : jusqu'à 8hConduction osseuseContrôlez les appels et la musiqueLe + :10 minutes de charge rapide vous garantissent 1,5 heure d'écoute !;https://boulanger.com/ref/1175777;https://boulanger.scene7.com/is/image/Boulanger/0850033806199_h_f_l_0?wid=120&hei=120&resMode=sharp2&op_usm=1.75,0.3,2,0
EcouteursJBLTune Buds Noir;JBL;75;"Autonomie totale : jusqu'à 48hIntra -auriculaireRéduction de bruit -
              
            
              
              Kit mains libresRésistance : Pluie, eau -
              
            
              
              Contrôlez les appels et la musiqueLe + :Réduction de Bruit Active avec la technologie Smart Ambient";https://boulanger.com/ref/1192972;https://boulanger.scene7.com/is/image/Boulanger/6925281972911_h_f_l_0?wid=120&hei=120&resMode=sharp2&op_usm=1.75,0.3,2,0
EcouteursSHOKZOpenFit Beige;SHOKZ;169;"Autonomie totale : jusqu'à 28hconduction aérienneRéduction de bruit -
              
            
              
              Kit mains libresRésistance : Pluie, eau -
              
            
              
              Contrôlez les appels et la musiqueLe + :La lecture audio et les appels peuvent être contrôlés
directement sur les pavés tactiles intégrés";https://boulanger.com/ref/1191862;https://boulanger.scene7.com/is/image/Boulanger/0810092675761_h_f_l_0?wid=120&hei=120&resMode=sharp2&op_usm=1.75,0.3,2,0
EcouteursJBLLive Flex Blanc;JBL;149,99;"Autonomie totale : jusqu'à 40hSemi intra-auriculaireRéduction de bruit -
              
            
              
              Kit mains libresRésistance : Pluie, eau -
              
            
              
              Contrôlez les appels et la musiqueLe + :audio spatial sur Android et iOS pour vous plongez dans votre musique";https://boulanger.com/ref/1189333;https://boulanger.scene7.com/is/image/Boulanger/6925281960840_h_f_l_0?wid=120&hei=120&resMode=sharp2&op_usm=1.75,0.3,2,0
EcouteursSENNHEISERMTW4 Noir Graphite;SENNHEISER;299,99;"Autonomie totale : jusqu'à 30hIntra -auriculaireRéduction de bruit -
              
            
              
              Kit mains libresRésistance : Pluie, eau -
              
            
              
              Contrôlez les appels et la musiqueLe + :réduction de bruit adaptative en fonction de l'environnement pour une expérience d'écoute immersive";https://boulanger.com/ref/1201502;https://boulanger.scene7.com/is/image/Boulanger/4260752332408_h_f_l_0?wid=120&hei=120&resMode=sharp2&op_usm=1.75,0.3,2,0
EcouteursJABRAElite 4 Gris;JABRA;59,99;"Autonomie totale : jusqu'à 28hIntra -auriculaireRéduction de bruit -
              
            
              
              Kit mains libresRésistance : Pluie, eau -
              
            
              
              Contrôlez les appels et la musiqueLe + :fonction multipoint qui permet de passer d'un appareil à l'autre pour ne rien rater";https://boulanger.com/ref/1189325;https://boulanger.scene7.com/is/image/Boulanger/5707055060083_h_f_l_0?wid=120&hei=120&resMode=sharp2&op_usm=1.75,0.3,2,0
EcouteursSAMSUNGTuned by AKG USB Type-C Noir;SAMSUNG;29,99;"Autonomie totale : Filaire -
              
            
              Filaire -
              
            
              
              Longueur du câble : 1,20mIntra -auriculaireKit mains libresContrôlez les appels et la musiqueLe + :Qualité d'écoute optimale et isolation des sons extérieurs avec une adaptation parfaite au conduit auditif";https://boulanger.com/ref/1153893;https://boulanger.scene7.com/is/image/Boulanger/8806090270123_h_f_l_0?wid=120&hei=120&resMode=sharp2&op_usm=1.75,0.3,2,0
Ecouteurs sportJABRAElite 8 Active Noir;JABRA;169,99;"Autonomie totale : jusqu'à 32h -
              
            
              
              Longueur du câble : 20cmIntra -auriculaireRéduction de bruit -
              
            
              
              Kit mains libresRésistance : Pluie, eau -
              
            
              
              Contrôlez les appels et la musiqueLe + :Réduction de bruit active hybride qui s'adapte a tous les environnements";https://boulanger.com/ref/1194482;https://boulanger.scene7.com/is/image/Boulanger/5707055060182_h_f_l_0?wid=120&hei=120&resMode=sharp2&op_usm=1.75,0.3,2,0
EcouteursJBLLive pro 2 Noir;JBL;149,99;"Autonomie totale : jusqu'à 40hIntra -auriculaireRéduction de bruit -
              
            
              
              Kit mains libresRésistance : Pluie, eau -
              
            
              
              Contrôlez les appels et la musiqueLe + :Réelle Réduction de Bruit Adaptative et Smart Ambient !";https://boulanger.com/ref/1181177;https://boulanger.scene7.com/is/image/Boulanger/6925281997013_h_f_l_0?wid=120&hei=120&resMode=sharp2&op_usm=1.75,0.3,2,0
CasqueSHOKZOpenRun Noir;SHOKZ;109,99;Autonomie totale : jusqu'à 8hConduction osseuseContrôlez les appels et la musiqueLe + :10 minutes de charge rapide vous garantissent 1,5 heure d'écoute !;https://boulanger.com/ref/1175775;https://boulanger.scene7.com/is/image/Boulanger/0850033806182_h_f_l_0?wid=120&hei=120&resMode=sharp2&op_usm=1.75,0.3,2,0
CasqueSHOKZOpenRun Gris;SHOKZ;109,99;Autonomie totale : jusqu'à 8hConduction osseuseContrôlez les appels et la musiqueLe + :10 minutes de charge rapide vous garantissent 1,5 heure d'écoute !;https://boulanger.com/ref/1175778;https://boulanger.scene7.com/is/image/Boulanger/0850033806229_h_f_l_0?wid=120&hei=120&resMode=sharp2&op_usm=1.75,0.3,2,0
EcouteursSONYWF-C700N Noir;SONY;79,99;"Autonomie totale : jusqu'à 20hIntra -auriculaireRéduction de bruit -
              
            
              
              Kit mains libresRésistance : Pluie, eauLe + :Immergez-vous avec la réduction de bruit ou laissez passer les sons avec le mode Ambient Sound.";https://boulanger.com/ref/1189730;https://boulanger.scene7.com/is/image/Boulanger/4548736143593_h_f_l_0?wid=120&hei=120&resMode=sharp2&op_usm=1.75,0.3,2,0
EcouteursSONYWF-C500 Blanc;SONY;52,99;"Autonomie totale : jusqu'à 20hIntra -auriculaireKit mains libresRésistance : Pluie, eau -
              
            
              
              Contrôlez les appels et la musiqueLe + :Un son haute qualité personnalisable et une autonomie jusqu'à 20h avec charge rapide";https://boulanger.com/ref/1169590;https://boulanger.scene7.com/is/image/Boulanger/4548736130937_h_f_l_0?wid=120&hei=120&resMode=sharp2&op_usm=1.75,0.3,2,0
EcouteursBANG & OLUFSENBeoplay EX Black Anthracite;BANG & OLUFSEN;398,99;"Autonomie totale : jusqu'à 28hIntra -auriculaireRéduction de bruit -
              
            
              
              Kit mains libresRésistance : Pluie, eau -
              
            
              
              Contrôlez les appels et la musiqueLe + :Design ergonomique offrant un port stable et confortable";https://boulanger.com/ref/1178955;https://boulanger.scene7.com/is/image/Boulanger/5705260094015_h_f_l_0?wid=120&hei=120&resMode=sharp2&op_usm=1.75,0.3,2,0
EcouteursSONYLinkbuds S WF-LS900N Noir;SONY;140,14;"Autonomie totale : jusqu'à 30hIntra -auriculaireRéduction de bruit -
              
            
              
              Kit mains libresRésistance : Pluie, eau -
              
            
              
              Contrôlez les appels et la musiqueLe + :Les écouteurs sans fil Hi-Res à réduction de bruit les plus petits et légers au monde !";https://boulanger.com/ref/1178785;https://boulanger.scene7.com/is/image/Boulanger/4548736133006_h_f_l_0?wid=120&hei=120&resMode=sharp2&op_usm=1.75,0.3,2,0
EcouteursJBLTune Beam Violet;JBL;79,99;"Autonomie totale : jusqu'à 48hIntra -auriculaireRéduction de bruit -
              
            
              
              Kit mains libresRésistance : Pluie, eau -
              
            
              
              Contrôlez les appels et la musiqueLe + :Ajustement parfait et confort tout au long de la journée";https://boulanger.com/ref/1193011;https://boulanger.scene7.com/is/image/Boulanger/6925281971099_h_f_l_0?wid=120&hei=120&resMode=sharp2&op_usm=1.75,0.3,2,0
EcouteursJBLWave Flex Blanc;JBL;54,95;"Autonomie totale : Jusqu'à 32hSemi intra-auriculaireKit mains libresRésistance : Pluie, eau -
              
            
              
              Contrôlez les appels et la musiqueLe + :La conception boutons sur tige vous permet de profiter pleinement du son sans obstruer votre oreille";https://boulanger.com/ref/1187721;https://boulanger.scene7.com/is/image/Boulanger/6925281953491_h_f_l_0?wid=120&hei=120&resMode=sharp2&op_usm=1.75,0.3,2,0
EcouteursSAMSUNGGalaxy Buds FE Noir;SAMSUNG;99,99;"Autonomie totale : jusqu'à 29hIntra -auriculaireRéduction de bruit -
              
            
              
              Kit mains libresRésistance : Pluie -
              
            
              
              Contrôlez les appels et la musiqueLe + :conçus pour être vos véritables compagnons audio de tous les jours.";https://boulanger.com/ref/1197439;https://boulanger.scene7.com/is/image/Boulanger/8806095221762_h_f_l_0?wid=120&hei=120&resMode=sharp2&op_usm=1.75,0.3,2,0
EcouteursSONYWF-C500 Noir;SONY;59,99;"Autonomie totale : jusqu'à 20hIntra -auriculaireKit mains libresRésistance : Pluie, eau -
              
            
              
              Contrôlez les appels et la musiqueLe + :Un son haute qualité personnalisable et une autonomie jusqu'à 20h avec charge rapide";https://boulanger.com/ref/1169589;https://boulanger.scene7.com/is/image/Boulanger/4548736130883_h_f_l_0?wid=120&hei=120&resMode=sharp2&op_usm=1.75,0.3,2,0
EcouteursSENNHEISERMTW4 Noir et bronze;SENNHEISER;299,99;"Autonomie totale : jusqu'à 30hIntra -auriculaireRéduction de bruit -
              
            
              
              Kit mains libresRésistance : Pluie, eau -
              
            
              
              Contrôlez les appels et la musiqueLe + :réduction de bruit adaptative en fonction de l'environnement pour une expérience d'écoute immersive";https://boulanger.com/ref/1201511;https://boulanger.scene7.com/is/image/Boulanger/4260752332422_h_f_l_0?wid=120&hei=120&resMode=sharp2&op_usm=1.75,0.3,2,0
EcouteursJBLWave Buds Noir;JBL;49,99;"Autonomie totale : Jusqu'à 32hIntra -auriculaireKit mains libresRésistance : Pluie, eau -
              
            
              
              Contrôlez les appels et la musiqueLe + :Obstrue discrètement vos oreilles en bloquant les bruits externes et en améliorant les performances!";https://boulanger.com/ref/1187657;https://boulanger.scene7.com/is/image/Boulanger/6925281953521_h_f_l_0?wid=120&hei=120&resMode=sharp2&op_usm=1.75,0.3,2,0
EcouteursJBLTune Flex Ghost Blanc;JBL;99,99;"Autonomie totale : Jusqu'à 32hSemi intra-auriculaireRéduction de bruit -
              
            
              
              Kit mains libresRésistance : Pluie, eau -
              
            
              
              Contrôlez les appels et la musiqueLe + :Technologie de Réduction de Bruit Active avec 2 micros permet de réduire les distractions sonore !";https://boulanger.com/ref/1187655;https://boulanger.scene7.com/is/image/Boulanger/6925281931048_h_f_l_0?wid=120&hei=120&resMode=sharp2&op_usm=1.75,0.3,2,0
EcouteursBEATSStudio Buds + Noir;BEATS;199,95;"Autonomie totale : jusqu'à 36h -
              
            
              
              Longueur du câble : 20cmIntra -auriculaireRéduction de bruit -
              
            
              
              Kit mains libresRésistance : Pluie, eau -
              
            
              
              Contrôlez les appels et la musiqueLe + :Le mode Transparence vous permet de rester attentif à votre environnement";https://boulanger.com/ref/1191136;https://boulanger.scene7.com/is/image/Boulanger/0194253563662_h_f_l_0?wid=120&hei=120&resMode=sharp2&op_usm=1.75,0.3,2,0
EcouteursXIAOMIRedmi Buds 4 Active;XIAOMI;23,49;"Autonomie totale : jusqu'à 33hIntra -auriculaireRéduction de bruitRésistance : Pluie, eau -
              
            
              
              Contrôlez les appels et la musiqueLe + :Le mode transparent double vous permet de rester connecté à votre environnement";https://boulanger.com/ref/1195984;https://boulanger.scene7.com/is/image/Boulanger/6941812712733_h_f_l_0?wid=120&hei=120&resMode=sharp2&op_usm=1.75,0.3,2,0
EcouteursJBLTune 110 Noir;JBL;9,99;"Autonomie totale : Filaire -
              
            
              
              FilaireIntra -auriculaireKit mains libresLe + :Télécommande à 1 touche avec microphone et câble plat anti-noeud !";https://boulanger.com/ref/1178396;https://boulanger.scene7.com/is/image/Boulanger/6925281918926_h_f_l_0?wid=120&hei=120&resMode=sharp2&op_usm=1.75,0.3,2,0
